RCP_NM,rcp_parts_dtls_cleaned
새우 두부 계란찜,"새우두부계란찜
연두부 칵테일새우 달걀 크림 설탕 무염버터 
고명
시금치"
부추 콩가루 찜,"조선부추 날콩가루 ⅓작은술 
"
방울토마토 소박이,"방울토마토 박이 
방울토마토 양파 × 부추 
 
고춧가루 멸치액젓 다진 마늘 매실액 설탕 물 통깨"
순두부 사과 소스 오이무침,"오이무침 
오이 다진 땅콩 
 순두부사과 스 
순두부 사과"
사과 새우 북엇국,"북엇국
북어채 새우 사과 양파 
표고버섯 물 ½컵"
저염 된장으로 맛을 낸 황태해장국,"황태해장국
황태 채 콩나물 무 × × 저염된장 물 ½컵 청양고추 다진 마늘"
된장국,"된장국
두부 × × 애느타리버섯 감자 × × 양파 × 파 된장 물 ½컵"
표고버섯 청경채국,"멸치 국물용 멸치 다시마 × 양파 × 표고버섯 기둥 국간장 물 ½컵 
 채 준비 청경채 표고버섯 다진 마늘"
치커리샐러드와 올리브 마늘 소스,"치커리 샐러드 치커리 적양배추 × 양파 × 당근 × × 
 올리브마늘 올리브유 식초 설탕 마늘"
스트로베리 샐러드,"스트로베리 샐러드
딸기 플레인요거트 양상추 메추리알 블루베리 식초 금"
시금치 우유 소스와 그린매쉬드포테이토,"그린매쉬드포테이토 감자 시금치우유 스 아몬드 설탕 크랜베리 치커리 
 시금치우유 스 시금치 우유"
버섯구이와 두부타르타르 소스,"버섯구이 새송이버섯 올리브유 
 곁들임 치커리 
 두부타르타르 스 연두부 다진 양파 다진 오이피클 올리브유 식초 레몬즙 머스터드 꿀 흰 후추"
구운채소와 간장레몬 소스,"구운채 가지 호박 새송이버섯 양파 발사믹크레마 빨강 파프리카 × 노랑 파프리카 × 청피망 × 올리브유 
 간장 레몬 스 저염간장 식초 설탕 레몬즙"
브로콜리 컬리플라워 샐러드와 두유 요거트 소스,"브로콜리컬리플라워 샐러드 브로콜리 컬리플라워 적양파 × 강낭콩 건포도 호두 금 
 두유요거트 스 두유 ⅓큰술 플레인요거트 ⅓큰술 레몬즙 설탕"
오렌지와 당근 만남주스,"오렌지 당근펀치
당근 오렌지"
칠곡석류국수,"
 스 석류 
 장식 잣 아몬드 해바라기씨 호두 호박씨 오이"
블랙빈 곤약국수,"
실곤약 검은콩 볶은 흑임자 호두 
 장식
오이 토마토 달걀"
닭가슴살 브로콜리 만두,"
만두피 브로콜리 숙주 표고버섯 닭 가슴살 참기름 저염간장 금 후춧가루"
함초 냉이 국수,"
 함초 노루궁뎅이버섯 다시마 파 양파 무 모시조 냉이 간장 
 장식 달걀 청고추 실고추"
된장 두부찌개,"두부 쌀뜨물 ½컵 돼지고기 김치 된장 ½큰술 청양고추 홍고추 
 파 고춧가루"
부대된장찌개,다시마 두부 떡국 떡 스팸 마일드 다진 마늘 무 김치 시지 우민찌 양파 저염된장 베이컨 파 청양고추 홍고추
양배추감자전,"
 스 오렌지즙 간장 식초"
돌나물 샐러드,"돌나물 샐러드 돌나물 미니새송이버섯 참기름 
 레몬마요네즈 스 마요네즈 레몬즙 ⅓큰술 청양고추 홍고추 참기름"
석류 보쌈김치,"
"
유자 대구조림,"
 스 유자청 ⅓큰술 발사믹식초 화이트와인 
 장식 파"
파프리카 물김치,"
 ½"
고추장 라따뚜이,"
 스 양파 마늘 토마토 설탕 바질 고추장"
민들레 샐러드,"
 간장 ⅓큰술 다진 홍고추 레몬즙 설탕"
토마토 가지 카프레제,"
 올리브오일 발사믹식초 후춧가루"
우렁된장소스 배추롤,"돼지고기 배춧잎 부추 쌀 당근 
표고버섯 양파 애호박 우렁이 
된장"
인삼떡갈비,"고기 돼지고기 추 양파 
마늘 배 애호박 단호박 
파프리카 인삼 양송이 배추잎 
저염간장 설탕 금 후춧가루 
두부"
초계탕과 사색곤약,"닭고기 가시오가피 파 다시마 
건새우 실곤약 비트 치자가루 
마늘 금 후춧가루 양파 
오이 겨자가루 식초 설탕"
호박잎 삼계탕,"호박잎 닭고기 가슴살 찹쌀 추 
미나리 인삼 금 후춧가루"
황태미역 곤약스프,"황태채 곤약 건미역 들깨가루 
두부 된장 액젓 표고버섯 마늘 
참기름"
훈제오리가슴살 샐러드,"오리고기 훈제오리 가슴살 발사믹 스 
양파 파슬리 블루베리 레디쉬"
훈제오리가슴살크러스트,"오리고기 훈제오리 가슴살 로즈마리 오렌지 
새송이버섯 파슬리 땅콩 올리브오일 
유자청 후춧가루"
간장소스를 곁들인 새우전복찜,"전복 새우 시금치 해초 
저염간장 레몬 설탕 금 
마늘 녹말 식용꽃"
검은콩국수,"검은콩 메밀면 오이 방울토마토 
땅콩 잣 참깨"
겨자소스로 구운 산마샐러드,"산마 참나물 돈나물 토마토 
레디쉬 어린잎 저염간장 식초 
설탕 겨자가루"
닭고기김치찌개,"
김치 참기름 느타리버섯 달걀 
 다시마 무 파 양파 마른 고추 멸치 
마늘 청주 물"
완자김치찌개,"
두부 붉은 고추 
다진 돼지고기 등심 새우젓 
 파 마늘 쇠고기"
백김치콩비지찌개,"
 간장"
오징어김치찌개,"
고구마 콩나물 김치 쑥갓 
 무 다시마 파 멸치 물 
 들깻가루"
해물김치찌개,"
"
맑은부대찌개,"
배추 미나리 돼지고기 
쇠고기 불린 당면 조랭이떡 
다시마 다시마 양파 파 
무 마른 고추 
 파 
다진 마늘 후춧가루 금"
나가사키부대찌개,"
표고버섯 팽이버섯 청양고추 붉은 고추 감자 
무 두부 애호박 깻잎 쑥갓 
완자 다진 돼지고기 다진 파 다진 마늘 후춧가루 
 금 밀가루 달걀노른자 
 사골 다시마 
 들깻가루"
삼계부대찌개,"
풋고추 파 쑥갓 표고버섯 
애호박 김치 팽이버섯 
당면 숙주 떡 
 당귀 추 오가피 함초 
 마늘"
쑥갓부대찌개,"
 다시마 물 
 고추장"
들깨순두부찌개,"
양파 미나리 파 붉은 고추 순두부 
 금"
백태순두부찌개,"
양파 파 붉은 고추 풋고추 바지락 
저염된장 새우 순두부 
 마른 다시마 멸치 물"
버섯순두부찌개,"
 다시마 표고버섯 밑동 물 
 저염국간장"
토란순두부찌개,"
백합 들깻가루 순두부"
토마토스프파스타,"홀토마토 토마토 다진양파 다진마늘 먹물파스타 치즈 
파슬리가루 함초 금 올리브오일 
곁들이 야채 양파 가지 파프리카 애호박"
다이어트국수,"실곤약 물김치국물 오이 달걀 
당근 양파 통깨 레몬즙 
탄산수 어간장"
오징어구이,"오징어 미니파프리카 양파 청고추 홍고추 
 
올리고당 후추 참기름 
고명 볶은 현미"
배숙구이,배 후르츠칵테일 강청 방울토마토 탄산수
웰빙스테이크,"쇠고기등심 시금치 마늘 양파 건바질 
감자 레몬 파슬리가루 
 스 르네디종 홀그레인머스터 사과 버터"
오징어콩순대,"오징어 옥수수 귀리밥 강낭콩 
당근 미니파프리카 피망 파 양파 
카레가루 흰후추 다진마늘 참기름 밀가루 레몬즙"
토마토소고기장조림,"고기 우둔살 메추리알 방울토마토 마늘 꽈리고추 양파 
"
토마토소고기찜,"고기우둔살 샐러리 당근 양파 
화이트와인 홀토마토 버터 레몬 흰후추 파슬리가루 함초 금"
맛간장삼치구이,"삼치 강 파 통깨 버터 
 스 맛간장 강청 커피"
삼겹살꼬치구이,"삼겹살 방울토마토 마늘기름 후추 로즈마리 통후추 
 파 마늘 꽈리고추 
 파채 파 고춧가루 레몬즙"
새우아욱죽,귀리밥 아욱 건새우 칵테일새우 저염 된장
까르보나라뇨끼,"감자 깻잎 베이컨 백일송이 
다진마늘 다진양파 다진 파 흰후추 버터 우유 
생크림 설탕 치즈가루"
호박죽,"단호박 찹쌀가루 브로콜리 양파 볶은 현미 
버섯마늘 금 흰후추 치즈가루"
라이스버거떡갈비,"라이스버거 밥 맛간장 전분가루 팽이버섯 흰후추 달걀 
떡갈비 다진 고기 다진돼지고기 다진양파 다진쪽파 맛간장 후추 
토마토겉절이 토마토 미나리 맛간장 청고추 홍고추"
고추김치,"
 절임물 해물 어간장 
 통깨"
누룽닭,"닭가슴살 강즙 정종 시금치 
당근 양파 샐러리 파프리카 
느타리 주꾸미 새우 청경채 
누룽지 튀김기름 저염간장 
녹말가루 마늘 금 후춧가루"
광어스테이크,"광어 금 후춧가루 밀가루 
달걀 아몬드 호두 올리브오일 
 스 플레인요거트 꿀 레몬즙"
치즈감자크로켓,"감자 크림 당근 양파 오이 
 금 모짜렐라치즈 밀가루 달걀 
빵가루 튀김기름"
코코넛밀크카레,"두부 금 코코넛밀크 당근 
양파 브로컬리 돼지고기 감자 
버터 카레가루 물"
소고기리조또롤,"쌀 강황가루 버터 
마늘 양파 새송이 파프리카 
 고기 금 후춧가루 
하얀된장 크림"
둥지튀김,"닭고기살 금 후춧가루 달걀 
녹말가루 백년초국수 뽕잎국수 
치자국수 튀김기름 
 스 레몬 설탕 연유 물 
다진 마늘 강 식초 녹말가루"
새우와스테이크,"새우 버터 고기 로즈마리 
 금 후춧가루 
 스 와인 설탕 당근 양파 
토마토 마늘 파 발사믹 스 
 곁들임채 아스파라거스 브로컬리 
새송이 가지"
함초삼겹,"통삼겹살 함초가루 금 후춧가루 
부추 버터 
 스 유자청 쌈장 설탕 크림 
연두부 양파 당근"
햄버거스테이크,"다진 돼지고기 다진 고기 다진 마늘 
로즈마리 빵가루 후춧가루 파프리카 
 스 양파 플레인요거트 설탕 
매실액 식초 녹말가루 
 곁들임채 어린잎"
유자삼치구이,"삼치 금 녹말 식용유 
 스 강 유자청 레몬"
냉토마토파스타,"토마토 브로컬리 펜네 올리브오일 
후춧가루 
 스 마늘 양파 당근 방울토마토 
올리브오일 설탕 
 금 레몬즙 월계수잎"
닭고기또띠아,"또띠아 닭고기살 느타리버섯 사과 
오이 파프리카 애호박 양파 식초 
 스 아몬드 우유 머스터드 올리고당"
닭고기스테이크,"닭고기살 금 후춧가루 강 
정종 우유 오이 토마토 
두부 흑임자 우유"
오징어순대,"통오징어 양파 당근 부추 
견과류 두부 파 마늘 금 
녹말가루 정종 레몬 강"
연어차우더스프,"모시조 연어 청피망 당근 
양파 감자 밀가루 버터 
월계수잎 통후추 크림 통마늘"
시금치브로컬리 파스타,"새우 하 스파게티 시금치 
브로콜리 바질 크림 올리브오일 
 금"
야채찜을 곁들인 광어스테이크,"광어 당근 단호박 가지 
파프리카 콜리플라워 레몬 와사비 
발사믹 스 저염간장 청주"
연근부각,"연근 식초 천일염 계피가루 
식용유"
오이냉국을 곁들인 오색쌈밥,"돼지고기 안심 쌀 도라지 애호박 
양파 홍고추 미나리 오이 청포묵 
쌈무 달걀 라이스페이퍼 고추장 
 금 참기름 고춧가루"
카레탄두리치킨과 닭가슴살냉채,"닭고기 오곡 인삼 추 
아스파라거스 당근 양파 오이 
파프리카 카레가루 디종머스터드"
컬리플라워소스 광어스테이크,"광어 콜리플라워 감자 양파 
시금치 가지 단호박 당근 
우유 금 후춧가루"
콜라비오미자 물김치,"콜라비 오미자 무화과 파프리카 
피망 쪽파 양파 건새우 다시마 
 금"
크림소스치킨롤,"닭고기 가슴살 새우 하 베이컨 
마늘 바질 아스파라거스 새송이버섯 
치즈 버터 금 후춧가루"
표고버섯 감자찜,"표고버섯 감자 고수 당근 양파 
홍고추 녹말"
해물애호박 전병말이,"새우 오징어 애호박 당근 
깻잎 추 밀가루 찹쌀가루 
저염간장 식초 설탕 금"
찬밥이용닭죽,찬밥 닭다리살 감자 통마늘 양파 당근 부추 물 금 후춧가루
감자느타리버섯국,감자 느타리버섯 두부 파 물 국멸치 홍고추 건다시마 다진 마늘 금
,
아몬드치킨볼,"
밀가루 우유 들깻가루 브로콜리 마늘 
 닭뼈 양파 양송이버섯 밑동 마늘"
양배추롤,"
얇게 썬 쇠고기 부채살 송송 썬 붉은 고추 
달래무침 달래 간장 참기름"
생선베이컨말이,"
동태포 저염버터 크림 새싹채"
콩고기샐러드,"
연근 방울토마토 만두피 
 설탕 
허브오일 저염 금 식초 로즈마리 통후추 
올리브유 꿀"
퀴노아닭가슴살샐러드,"
양파 피망 아스파라거스 퀴노아 리코타치즈 
양상추 플레인 요구르트 어린잎채 
복분자 스 복분자 레몬즙"
바나나크림파스타,"
바질가루 마늘 양파 휘핑크림 저염치즈 
우유 금 스파게티면"
산채쌀파스타,"
오이 붉은 고추 풋고추 쌀파스타면 
파스타 스 된장 청국장 양파 애호박 으깬 두부 
다진 마늘 들기름"
황태포당면국수,"
달걀 당면 쑥갓 
 멸치 황태포 
 후춧가루"
닭갈비볶음면,"
방울토마토 닭가슴살 이태리시즈닝 라면 
 참기름"
오색볶음면,"
쪽파 라면 채 썬 돼지고기 
 라면스프"
로제소스라면,"
토마토 라면 우유 크림 월계수잎 
정향 파르메산 치즈가루 파슬리가루"
라면월남쌈튀김,"
레드와인 매실청 라이스페이퍼 달걀 
빵가루 어린잎채 
 물 
다진 양파 다진 파 다진 마늘"
삼겹살라면,"
 돼지고기 삼겹살 파 얇게 썬 강 가다랑어포 
 흑설탕"
유자샐러드라면,"
유자 식초 레몬즙 유자청 올리브유"
주꾸미머리순대,"주꾸미 미나리 양파 당근 계란 
다진마늘 강청 레몬즙 
 스 고추장 레몬즙 강청 통깨"
매실동치미,"무 연근 사과 배 함초 금 
국물 매실청 강청 함초 금 청양고추"
조기까스,"조기 허브크러스트 흰 후추 화이트와인 마늘오일 전분 
 스 고추장 저염간장 화이트와인 버터 
다진양파 흰후추 마늘오일"
돼지머리수육맑은전골,"돼지머리 우동면 미나리 청고추 
 스 일본 된장 다진마늘 다진 파 청주 무 
 해물 청양고추 맛간장"
파인애플볶음밥,"밥 칵테일새우 파인애플 통조림 양파 청고추 
노란파프리카 빨간파프리카 마늘 계란 마늘기름 
흰후추 레몬 금 맛간장 통깨"
연근초무침,"연근 양파 오이 밤 
 스 유자청 강황가루 잣 설탕 식초"
코다리맑은찜,"코다리 콩나물 미나리 함초 무 함초 금 
 
레몬즙 다진마늘 연겨자 통깨"
뿌리채소두부선,"두부 전분 계란 흰후추 
 우엉 인삼 감자 청고추 홍고추 마늘기름 흰후추 
 스 일본된장 마늘기름 들기름 식초 올리고당 
마요네즈 땅콩잼 참깨"
사과장아찌,"풋사과 양파 청고추 홍고추 
 스 맛간장 식초 설탕 강청 매실청 청주"
해물들깨탕,"주꾸미 전복 칵테일새우 양파 
청고추 홍고추 계란 청주 
국물 거피한 들깨가루 저염간장 다진마늘 다진 파"
참외깍두기,"참외 양파 청고추 홍고추 파 미나리 
"
새콤한연어샐러드,"연어 어린잎 말린 토마토 양파 미니파프리카 
 스 유자청 감식초 정종 볶은 금"
논우렁순무섞박지,"콜라비 논우렁 미나리 양파 청고추 홍고추 파 
"
코다리맑은탕,"코다리 무 감자 양파 청양고추 
미나리 백일송이버섯 참기름 
국물 다진마늘 저염간장 흰후추"
세가지샐러드,"연두부 닭고기살 통후추 단호박 
바나나 파프리카 토마토 어린잎 
 스 마 크림 요거트 식초 
올리브오일 설탕 흑임자 잣"
애호박들깨볶음,"애호박 금 양파 파 
홍고추 들기름 다진 마늘 건새우 
들깨가루"
고구마바나나샐러드,"고구마 바나나 요거트 어린잎 
잣 연유"
누룽지새우튀김,"새우 금 후춧가루 
튀김가루 달걀 누룽지 튀김기름 
 스 오렌지주스 설탕 식초 
 곁들임채 어린잎"
백김치주꾸미샐러드,"백김치 주꾸미 파 양상추 
홍고추 어린잎 
 샐러드 저염간장 식초 설탕 
꿀 레몬 양파 마늘"
닭고기월남쌈,"닭고기살 로즈마리 양파 금 
후춧가루 오이 파프리카 당근 
라이스페이퍼 녹말가루 식용유 
 스 다진 마늘 고춧가루 설탕 
식초 레몬즙"
양배추롤,"닭고기살 천일염 후춧가루 식용유 
정종 양배추 부추 깻잎 
홍파프리카 노랑파프리카 당근 양파 
 스 요거트 머스터드 꿀 레몬즙 
설탕"
단호박소고기롤,"고기 저염간장 다진 마늘 설탕 
파프리카 오이 적양배추 사과 
설탕 팽이버섯 무순 
 밀전병 단호박 밀가루 금 
 스 다진 마늘 다진 양파 올리브오일 
설탕 식초 금"
생선카레튀김,"생선살 강 정종 녹말가루 
깻잎 
 튀김 죽 콩가루 밀가루 카레가루 
녹말가루 달걀 
 스 마요네즈 요구르트 설탕 식초 
 곁들임채 양상추"
삼겹가지볶음,"삼겹살 강 정종 가지 양파 
당근 깻잎 느타리버섯 파 
식용유 참기름 잣 통깨 
 저염간장 
올리고당 후춧가루 설탕"
주꾸미샐러드,"주꾸미 밀가루 식초 
양상추 미나리 홍고추 피망 
 스 배 무 와사비 설탕 
다진 마늘 식초 금"
닭가슴살현미스테이크,"닭가슴살 정종 카레가루 
현미쌀 튀김기름 
 스 토마토 스 크림 
 곁들임채 적양배추 양배추"
삼겹선,"삼겹살 정종 금 후춧가루 
생강즙 조 쌀 양파 파프리카 
당근 새송이버섯 표고버섯 깻잎 파 
 스 설탕 식초 레몬 금 
고춧가루 매실액"
미니버섯탕수,"미니버섯 금 녹말가루 
달걀흰자 튀김기름 
 스 저염간장 홍초 설탕 
브로컬리 오이 당근 
홍파프리카 노란파프리카 
물녹말 녹말가루 물"
연어오븐구이,"연어 양파 토마토 파프리카 
당근 마늘 청피망 레몬 금 
후춧가루 크림 화이트크림 버터"
옥음밥,"옥수수콘 애호박 당근 양파 
새송이버섯 마늘 라이스페이퍼 
저염간장 쌀 후춧가루 식용유"
와사비 연어초밥,"연어 쌀 당근 표고버섯 
겨자가루 새싹 파슬리 식초 설탕 
 금"
원소병,"찹쌀가루 치자 오미자 추 귤병 
유자청 꿀 녹말 잣"
음메꼬꼬돌돌,"고기 달걀 닭고기 가슴살 미나리 
찹쌀가루 홍고추 금 후춧가루 
통후추 저염간장 설탕 식초"
전복리조또,"쌀 전복 당근 양파 양송이버섯 
우유 올리브오일 금 후춧가루 
버터"
참깨흑임 자연두부샐러드,"연두부 참깨 흑임자 파프리카 
무순 날치알 설탕 식초 마요네즈 
우유"
초계탕,"닭고기 다리 양파 파프리카 적양배추 
오이 마늘 겨자가루 파 금 
설탕 식초"
콩나물부추볶음,"콩나물 부추 양파 당근 파 
감자 금 식용유"
콩비지포카치아 샌드위치,"포카치아빵 콩비지 무장아찌 토마토 
생치즈 루꼴라 올리브오일"
파프리카더덕소고기깻잎롤,"고기 살치살 파프리카 더덕 깻잎 
파인애플 아스파라거스 양파 꿀 
레몬 식초 금 올리브오일 
후춧가루"
해물아란치니,"오징어 새우 토마토 양파 
마늘 샐러리 밥 달걀 어린잎 
 금 레몬 빵가루"
호박잎삼계,"닭고기 인삼 미나리 추 
찹쌀 금 후춧가루"
노른자크림 육회샐러드,"고기 홍두깨살 두릅 아보카도 
배 마늘 달걀 레몬 크림치즈 
설탕 금 참기름"
닭고기 완자삼계죽,"닭고기 인삼 찹쌀 추 마늘 
 파 양파 통후추 저염간장"
대하마늘볶음밥,"
 저염간장"
두부 카프리제,"고기 돼지고기 표고버섯 마 
연근 감자 깻잎 애호박 마늘 
두유 설탕 금 저염간장"
미역볶음밥,"
양파 당근 
 맛술"
청국장볶음밥,"
당근 애호박 우엉 마늘 시금치 참나물 
깻잎 미나리 
 다시마 
 들기름"
해물볶음밥,"볶음밥 쌀 아스파라거스 새송이버섯 달걀 
문어 새우살 주꾸미 
미나리볶음고추장 무 우엉 미나리"
토마토카레 채소볶음밥,"
밥 브로콜리 방울토마토 플레인 요구르트 
 카레가루"
구운주먹밥,"
밥 참기름 참깨 
 식초"
깐풍주먹밥,"
찹쌀현미밥 밀가루 파인애플 부추 
 스 다진 마늘 다진 붉은 고추 다진 풋고추 식초 
함초가루 설탕"
닭봉주먹밥,"
당근 양파 시래기 치즈 밥 새싹채 
 간장 
 스 레몬즙 마요네즈 꿀 부순 참깨"
봄주먹밥,"
두릅 올리브유 미나리 
주먹밥 데친 꼬막살 올리브유 밥 참깨 
두부강된장 참기름 다진 양파 다진 당근 
다진 애호박 물 된장 
고춧가루 다진 마늘 송송 썬 붉은 고추 
송송 썬 청양고추 으깬 두부"
깻잎장아찌롤,"
밥 참기름 참깨 
허브타르타르 양파 피클 삶은 달걀 마요네즈 
머스터드 스 설탕 물 머스터드 스"
참치비빔밥롤,"
당근 가지 참치 김밥용 김 케일 
참치 후춧가루 올리브유 
사과 식초 굵게 다진 사과 로즈마리 꿀 
토마토 스 토마토 고추"
새싹참치김밥,"
새싹채 참치 
 스 저염간장 마요네즈 설탕"
연어주먹밥튀김,"
통조림 연어 식초 데리야키 스 
달걀 빵가루 어린잎채 
오리엔탈 스 식초 레몬즙 간장 다진 마늘 꿀 
올리브유 참깨"
오징어불고기김밥,"
채 썬 쇠고기 우둔살 달걀 김 깻잎 새송이버섯 
 매실청"
닭가슴살청포묵비빔밥,"
쌀 달걀지단 무순 
 
비빔 스 저염간장 참기름"
족발수육,"
"
함초떡갈비,"갈은 고기 갈은 돼지고기 당근 새송이버섯 
함초 양파 샐러리 파 
다진마늘 참기름 통깨 함초 금 
 스 발사믹식초 설탕 흰후추"
삼색소면,"면 분홍 초록 흰색 각 쪽파 청고추 홍고추 마늘 
국물 다시마물 모시조 볶은 금 청주"
돼지수육맑은전골,"통삼겹 된장 통후추 
다진 파 팽이버섯 당근 배추 청경채 
애호박 숙주 청양고추 
 천연다시다 물 다진마늘 
곁들이장 어간장 겨자 식초 깨"
채소비빔밥,"쌀 바지락 다진쇠고기 물 참기름 흰후추 다진마늘 
애호박 양파 오이 당근 표고 
두부볶음 두부 함초 깻잎 양파 다진파 다진마늘"
열무김치파스타,"파스타면 열무김치 오이 청홍고추 각각 
노란 파프리카 양파 당근 
생들기름 통깨 청양고추"
해초갈비찜,"찜갈비 마른미역줄기 감자 양파 청고추 
홍고추 추 당근 메추리알 
 
참기름 올리고당 통깨"
버섯곤드레밥,"쌀 건곤드레 느타리버섯 참기름 
비빔장 두부 된장 다진청고추 다진홍고추 다진마늘 
다진 파 참기름 통깨"
바다향이 풍부한 전복죽,"전복 당근 건조미역 
찹쌀 흑임자 참기름 청주 흰후추"
주꾸미연포탕,"주꾸미 무 양파 파 미나리 단호박 청고추 
국물 해물 청양고추 마늘 흰후추"
함초소고기말이,"쇠고기구이용 알마늘 홍고추 양파 
함초 무순 노란색파프리카 
 스 마늘기름 맛간장 허브식초 연겨자 버섯마늘 금"
묵계밥,"도토리묵 올방 묵 검정깨묵 각각 
귀리밥 계란 콩나물 
국물 닭가슴살 마늘 파 양파 맛간장 흰후추 버섯마늘 금"
근채류주먹밥,"우엉 연근 감자 청고추 양파 당근 
쌀 오이 통깨 맛간장 참기름 마늘기름 함초 금"
단호박약식,"미니 단호박 찹쌀 밤 추 크린베리 
"
달콤스테이크,"채끝살 감자 시금치 당근 
 스 레드와인 망고 딸기잼 볶은 금 후추 
무염버터 설탕 레몬즙 다진양파"
삼색샌드위치,"식빵 토마토 어린이치즈 양상추 
감자 올리고당 달걀 당근 오이 
양파 금"
황태탕수육,"황태채 밀가루 찹쌀가루 녹말가루 
삼색분말 각 달걀 튀김기름 
 스 파프리카 양파 당근 오이 
파인애플 저염간장 설탕 식초 
물녹말 녹말가루 물"
밥핫도그,"시지 나무막 기 밀가루 달걀 
빵가루 튀김기름 파프리카 밥 
감자 달걀흰자 금"
스테이크카나페,"등심 금 후춧가루 로즈마리 
애호박 양파 가지 파프리카 
토마토 
 스 발사믹 스 설탕 마늘 사과"
꽃밥,"라이스페퍼 당근 달걀 시금치 
 금 돼지고기 마늘 파 맛술 
저염간장 설탕 통깨 참기름 
후춧가루 고구마 두부 토마토 
양파 견과류"
버섯만두찜,"밀가루 시금치가루 호박가루 
백년초가루 물 식용유 금 
양파 양송이버섯 새송이버섯 
표고버섯 두부 금 새우 마늘 
우유 크림"
떡갈비주먹밥,"다진 고기 다진돼지고기 찹쌀가루 밥 
 파 후춧가루 맛술 저염간장 
생크림 식용유 새송이버섯 시금치 
당근 양파 마늘 떡볶이떡 
저염간장 올리고당"
홍합죽,"쌀 참기름 홍합 양파 당근 
표고버섯 건새우 
 건새우 다시마"
샐러드돈가스,"돼지등심 정종 금 후춧가루 
우유 밀가루 달걀 빵가루 
튀김기름 
 스 삶은 달걀 피클 마요네즈 
 곁들임채 방울토마토 양상추 
어린잎채 파슬리가루"
조개크림파스타,"스파게티 올리브오일 금 양송이 
새우 파슬리가루 버터 양파 마늘 
밀가루 우유 크림 
 조 물"
닭날개튀김,"닭봉 오렌지 레몬 강즙 
카레가루 튀김기름 
 스 양파 땅콩 마요네즈 
파스리가루 요거트 
 곁들임채 어린잎"
해산물리조또,"보리쌀 당근 양파 마늘 파 
버터 오징어 새우 시금치 금 
생크림 우유 치즈 파슬리가루 
 조 다시마"
떡완자조림,"다진 쇠고기 다진 돼지고기 매실액 맛술 
양파 당근 새송이버섯 마늘 파 
떡볶이떡 식용유 저염간장 올리고당 
참기름 후춧가루 통깨"
닭고기채소스파게티,"닭고기살 후춧가루 스파게티 올리브유 
브로컬리 양송이 표고버섯 파프리카 
당근 양파 다진마늘 토마토 
토마토페스트 토마토 스 케첩 
생크림"
계만두,"
녹말가루 닭가슴살 마늘 파 삶은 메추리알 
 후춧가루 
빠금장 스 빠금장 휘핑크림 우유 
다진 청양고추 후춧가루 참깨"
삼계선,"
블루베리 스 블루베리잼 화이트와인 설탕"
쇠고기표고찜,"
 추 단호박 피클 
 다진 쇠고기 다진 파 다진 마늘 
다진 양파 다진 파프리카 으깬 두부 
오렌지 스 오렌지주스 유자청"
떡갈비찜,"
가래떡 유자청 간장 연근 
고기 다진 파 다진 마늘 다진 양파 
 금 후춧가루 참기름"
해산물두부샌드,"
완두콩 삶은 완두콩 두유 꿀 검은깨"
단호박제육볶음,"
양파 파 마른 표고버섯 
 고춧가루 
된장 된장 물 
 참기름"
버섯콩불고기,"
느타리버섯 표고버섯 새송이버섯 
부추 미나리 청양고추 
 배 
다진 양파 매실액 참기름 
 생강"
차돌박이볶음,"
 스 발사믹식초 매실청 올리브유 
 스 마요네즈 연겨자 
 스 유자청 식초 
고기 설탕 후춧가루 저염 간장 배 양파 
해초 설탕 식초"
토마토오리볶음,"
 고기 후춧가루 맛술 다진마늘 
 토마토고추장 스 토마토 양파 풋고추 다진마늘 고추장 물엿"
토마토두루치기,"
파프리카 피망 파 마늘 토마토 
비트 식용유 돼지고기 
 간장 
생강 고추장 물엿"
검은콩피시볼조림,"피시볼 죽 검은콩 쪽파 동태포 감자전분 
밀가루 청양고추 달걀흰자 
 스 마늘 녹말가루 가다랑어장국 간장 
물 유자청 파"
대하조림,"
매실액 아보카도 토마토 
닭 닭다리 월계수잎 물"
묵은지가지말이,"
양파 강 마늘 올리브유 레몬 
레드와인 올리고당 
 
마늘 강 물"
함초타락죽,"찹쌀 우유 함초 크렌베리 
다진양파 파마산치즈"
황태두부무국,"황태 두부 함초 무 청고추 홍고추 
쪽파 흰후추 어간장 파뿌리"
삼합잡채,"주꾸미 바지락살 고기 닭가슴살 양파 
청고추 홍고추 당근 미나리 
"
고등어카레탕수,"냉동고등어 전분가루 식용유 우유 카레가루 
감자 애호박 방울토마토 양파 사과 꿀"
효도강정,"볶은현미 볶은율무 볶은수수 혼합견과 흑임자 
 스 올리고당 설탕 기름"
비트양파김치,"양파 
절임물 물 볶은 금 식초 비트 
국물 절임물 강청 식초 청양고추"
관자브로콜리스프,"관자 양파 브로콜리 시금치 크림 우유 
버터 파마산가루 다진마늘 흰후추 마늘칩"
곤약잡채,"
 스 맛간장 흑설탕 다진마늘 다진 파 흰후추 
 레몬즙"
미역 닭가슴살전,"닭가슴살 미역 두부 청양고추 파 당근 계란 
 스 저염간장 식초 레몬즙 고추냉이 통깨"
두가지묵샐러드,"두가지 묵 올방 묵 검정깨묵 각 당귀잎 
양파 노란 파프리카 알배추 
 스 저염간장 유자청 다진청고추 다진홍고추 다진 파"
블루베리양갱,흰앙금 블루베리 설탕 한천 물
장어찜,"장어 우유 후추 
곁들이 샐러드 우엉 인삼 미나리 팽이 양파 
샐러드 스 청고추 홍고추 맛간장"
두부까나페,"단단한 두부 슬라이스햄 올리브오일 로즈마리 볶은 금 
샐러드 마요네즈 당근 양파 오이 
 스 맛간장 양파 다진마늘 후추"
두부청국장죽,"청국장가루 두부 밥 표고버섯 당근 애호박 
 
흰후추 다진마늘 다진 파 흑임자"
망고샐러드,"증편 망고 양상추 치커리 방울토마토 양파 
 스 올리브오일 유자청 식초 볶은 금 후추 다진 파프리카 노랑 
다진 청피망 다진 홍피망 통깨"
토마토젤리,"토마토 판젤라틴 레몬 올리고당 
블루베리 설탕"
샌드스테이크,"닭가슴살 금 후춧가루 버터 
느타리버섯 시금치 굴 스 올리브오일 
 카레 스 베이컨 양파 카레가루 파 
생크림 우유 
 곁들임 어린잎채"
맥적구이,"돼지고기 강 금 후춧가루 
저염간장 정종 설탕 파 마늘 
양파 참기름 통깨 새송이버섯 
표고버섯 가지 홍피망 
 된장 스 된장 마요네즈 크림 
다진 땅콩"
채소어묵,"생선살 맛술 강 금 
밀가루 양파 당근 샐러리 마늘 
옥수수 어린이치즈 튀김기름"
주꾸미보리죽,"주꾸미 밀가루 보리 
미나리 당근 양파 참기름 
 저염치즈 우유 저염간장"
오렌지삼겹찜,"삼겹살 로즈마리 
고구마 크림 감자 튀김기름 
브로컬리 올리브오일 
 스 오렌지 설탕 정종 저염 금 
와사비"
소고기볼게살타르,"다진 고기 마늘 양파 파프리카 
후춧가루 빵가루 금 버터 
식용유 
 스 고구마 바나나 마요네즈 
매실액 게맛살 
 곁들임채 어린잎 브로컬리 미니새송이"
수삼떡갈비,"다진 고기 수삼 양파 파 
마늘 저염간장 후춧가루 정종 
찹쌀가루 새송이 추 통깨 
어린잎 
 스 저염간장 올리고당 설탕"
삼색딤섬,"밀가루 백년초가루 뽕잎가루 
치자가루 미나리 두부 오징어 
다진 고기 양파 부추 숙주 
 파 마늘 참기름 후춧가루 
통깨"
밥크로켓,"양파 파 당근 마늘 
식용유 메추리알 밥 금 
밀가루 녹말가루 달걀 빵가루 
튀김기름 
 스 칠리 스"
가지토마토구이,"가지 올리브오일 금 토마토 
모짜렐라치즈 
 스 토마토 스 토마토 
 곁들임 팽이버섯 후춧가루"
함박스테이크,"
 금 후춧가루 달걀 녹말가루 빵가루 
 스 마른고추 파 마늘 와인 저염간장 올리고당 설탕 토마토"
냉파스타,"스파게티 올리브오일 고기 
저염간장 설탕 마늘 깻잎 
양파 파프리카 설탕 
식초 저염간장"
과일겉절이,"사과 배 설탕 바나나 키위 
파인애플 마 
 식초 
저염간장 설탕"
버섯탕수,"새송이버섯 느타리버섯 표고버섯 
 금 녹말가루 달걀 튀김기름 
키위 
 스 저염간장 설탕 식초 
물녹말 녹말가루 물 오이 양파 
당근 목이버섯"
아보카도 연어샐러드,"연어 훈제연어 양파 아보카도 
파프리카 오렌지 사워크림 어린잎"
오렌지마리네이드 돼지고기,"돼지고기 시금치 양송이버섯 
파프리카 마늘 오렌지 레몬 
머스터드 꿀 크림 우유 
 금 후추 올리브오일"
인삼갈비탕,"고기 갈비 인삼 당면 표고버섯 
달걀 추 양파 파 마늘 
설탕 저염간장"
체리젤리를 곁들인 고구마무스,"체리 고구마 화이트 초콜릿 판젤라틴 
피스타치오 헤이즐넛 캐슈넛 호두 
아몬드 라즈베리 건포도 애플민트"
카레닭 룰라이드,"닭고기 카레가루 당근 양파 
샐러리 아스파라거스 토마토 감자 
생크림 금 후춧가루"
세 가지곡물콩라미수,"미숫가루 통조림콩 검은콩 바나나 
흑임자 달걀 우유 애플민트 
버터 설탕"
크림치즈 망고무스,"망고퓨레 라즈베리 피스타치오 
크림치즈 요거트 크림 판젤라틴 
레몬 애플민트 설탕"
토마토주스를곁들인컵토마토,"줄기토마토 토마토 오이 양파 
올리브오일 설탕"
해산물 훈제연어롤,"연어 훈제연어 주꾸미 라 완두콩 
샐러리 파프리카 오이 당근 
양파 고추장 식초 설탕 금"
인절미 무스와 수정과 아이스크림,"홍시 콩가루 계피 강 호두 
곶감 자몽 판젤라틴"
감닭떡갈비,"
마늘 찹쌀가루 매실청 금 
후춧가루 식용유"
겨자아욱쌈밥,"현미 두부 아욱 날치알 
단호박 새싹 된장 크림 
매실청 참기름"
다마고도후,"달걀 다시마 요리술 저염간장 
날치알 말린 매생이 무순"
단호박생채,"단호박 부추 양파 까나리액젓 
건새우 다시마 매실액 마늘 배 
고춧가루"
닭가슴살 스테이크,"닭고기 가슴살 토마토 가지 치즈 
오레가노 마늘 금 후춧가루 
올리브오일"
마늘드레싱을 곁들인 키위샐러드,"키위샐러드 키위 방울토마토 양상추 아몬드 땅콩 무순 
 마늘 사과식초 설탕 물 다진 마늘"
깻잎향을 입힌 관자 샐러드,돌나물 깻잎 관자 식용 꽃 올리브유 석류 원액 레시틴가루 후춧가루
건강그린 샐러드와 고소한 두유드레싱,"건강그린 샐러드 양상추 치커리 레드치커리 방울토마토 주황 파프리카 ⅹ 
 두유 두유 ⅔큰술 마요네즈 물엿 식초 물 설탕"
케일 오미자 샐러드,"케일 샐러드
보라로즈케일 흰로즈케일 케일 
오미자 
오미자물 요리당 식초"
꼬막 달래 된장 무침,"
 스 된장 고추장 사과즙 참기름 ⅓큰술 깨 다진 마늘"
베이컨 가지 말이,"
 스 고추장 와사비 고춧가루 배 양파 마늘 올리고당 사과식초"
청국장소스 연어 스테이크,"
 스 검정깨 청국장가루 마요네즈 
 장식 추"
두부곤약조림,"
조림장 감자전분 저염간장 물 다진 마늘 
유자청 고추기름"
아귀나가사키조림,"
아스파라거스 문어 꽃게 조 전복 
 라 새우 아귀 녹말물 
 마늘 파 통후추 양파 가다랑어포"
카레가자미조림,"
브로콜리 가자미 밀가루 달걀 버터 
치킨스톡 코코넛 밀크 크림 청양고추 
 강황가루"
타콤소스닭조림,"
새송이버섯 가지 토마토 단호박 
브로콜리 닭가슴살 닭 
 후춧가루 
 파슬리가루"
토마토콩조림,"
 파슬리가루"
관자해장국,"
노란 파프리카 두부 
 콩나물 다시마 관자 물 
토마토 스 토마토 붉은 파프리카 고춧가루 
발 사믹식초 
 마늘"
견과류들깨해장탕,"
애호박 양파 밤 호두 멸치다시마 
 들깻가루"
뿌리채소들깨수제비,"
새알심 찹쌀가루 물 금 
 국간장"
대구지리탕,"
콩나물 쑥갓 
 죽 쑥가루 밀가루 
 다시마 북어 무 물 
 생강"
양지해장국,"
느타리버섯 애호박 청양고추 
 파 방울토마토 콩나물 
 금"
토마토돼지고기해장국,"
돼지고기 사태 방울토마토 
 무 다시마 파 마른 표고버섯 양파 물 
 후춧가루"
효종갱,"
 쇠고기 양지 갈비 양파 마늘 물 
 저염간장"
해물토마토김치찌개,"
바지락 주꾸미 데친 미나리 쑥갓 
느타리버섯 팽이버섯 어슷 썬 풋고추 
김치주머니 새우 부추 불린 당면 
불린 무말랭이 녹말가루 달걀"
버섯 두유 소스 볶음,"버섯볶음
새송이버섯 올리브유 
두유 스
두유 ⅓큰술 크림 청양고추 후추 
곁들임
새싹채"
백일송이버섯 볶음,"백일송이버섯볶음
백일송이버섯 노랑 파프리카 × 빨강 파프리카 × 카놀라유"
땅콩소스 버섯가지나물,"
 땅콩 스 땅콩가루 다진마늘 참기름 저염간장"
유자향의 곤약 냉채,"곤약냉채 실곤약 오이 사과 당근 빨강 파프리카 ⅹ 
 유자 유자청 ⅔큰술 레몬즙 카놀라유 흰후추"
새우단배추된장국,"
두부 마른 새우 
 무 멸치 다시마 물 
 날콩가루"
검은콩보리된장찌개,"
붉은 고추 청양고추 파 
 바지락 멸치 다시마 
보리된장 보리 저염된장"
단호박배추된장국,"
 파 양파 물 
 된장"
된장냉국,"
 무 다시마 파 물 
 마늘 
다진 양파 다진 청양고추 저염된장 참기름"
들깨된장육개장,"
청양고추 얼갈이배추 
 무 돼지고기 사태 다시마 청주 
보리새우 물 
 된장"
삼색묵냉국,"
양파 오이 래디시 당근 아스파라거스 파프리카 
붉은 고추 풋고추 달걀 목이버섯 쑥갓 
 무 다시마 멸치 파 마늘 강 
쇠고기 물 
 검은깨"
샤브된장국,"
쪽파 송송 썬 청양고추 송송 썬 붉은 고추 
 닭가슴살 파 마늘 
 마늘"
완자된장국,"
두부 파 고추 표고버섯 당면 
숙주 브로콜리 다진 돼지고기 
 날콩가루"
산나물된장찌개,"
청양고추 파 순두부 
저염재래된장 콩 백태 표고버섯 저염된장 날콩가루 
 물 멸치 다시마 
 들깻가루"
토마토요구르트된장국,"
양파 파 청양고추 토마토 
 저염된장 
 멸치 다시마 물 
 들깻가루"
굴림만두된장국,"
굴림만두 새송이버섯 닭가슴살 양파 마늘 부추 
두부 간장 녹말가루 밀가루 
 돼지고기 앞다리살 무 양파 파 
저염된장 물"
해물순두부된장찌개,"
순두부 파 
 멸치 
 콩가루"
곤약함박스테이크,"
방울토마토 아스파라거스 올리브유 어린잎채 
스테이크 죽 곤약 두부 쇠고기 양파 당근 
셀러리 마늘 파 맛술 후춧가루 
찹쌀가루 빵가루 달걀 
유자청간장 스 유자청 저염간장 물"
청국장 두부 검은깨 냉스프,"냉스프
두부 플레인요거트 검은깨 ⅔작은술 
고명
청국장가루"
호박 고구마 스프,"호박고구마스프
고구마 단호박 × 우유 설탕 물"
시금치 리조또,밥 시금치 마 두유 금 버터 ½작은술 후춧가루
북어비빔밥,"
밥 북어 당근 애호박 달걀 고사리 표고버섯 우렁 들기름 장식
베이비채 식용꽃"
무 현미밥,"
 뒤포리 밴댕이 다시마 간장"
컵밥,"쌀밥 김 배추김치 달걀 
베이컨 시지 시금치 고춧가루 참기름 마늘"
두릅 샐러드,"
 레몬즙 레드와인 설탕"
구운 바나나,"
 장식 다진 호두"
과일무스 테린,"
 스 망고 우유"
가지볶음밥,"
두부 밥 세발나물 
 들기름"
닭고기볶음밥,"
양파 당근 
 맛술"
토마토라면,"
라면스프 라면 
 다시마 멸치 무 물"
토마토샐러드라면,"
방울토마토 파슬리가루 
 스 설탕 식초 레몬즙 저염간장 다진 마늘 
다진 토마토 다진 양파 올리브유"
검은깨라면크로켓,"
다진 쇠고기 다진 땅콩 어린잎채 방울토마토 스 통계피 강 조청 물엿 흑설탕 
발사믹 발사믹식초 올리브유"
김말이두부스테이크,"두부 김 허브 금 
 다진쇠고기 양파 표고버섯 새송이버섯 밀가루 흰후추 
곁들이채 고구마 단호박 양파 아스파라거스 
레드와인 스 레드와인 토마토 마늘 버터 올리브유 허브 금 
발사믹식초"
연어롤샐러드,"연어 단호박 방울토마토 시금치 영양부추 
 스 잣 더덕 마늘 식초 올리브오일 다진홍고추"
비타민이유식,멜론 브로콜리 감자 요거트 설탕
한입꼬치구이,"통삼겹 고구마 
 파 미니파프리카 청피망 양송이 건고추 
어간장 통후추 로즈마리 마늘기름 
 스 오렌지주스 레몬즙 올리고당 후추 다진마늘"
간장곤약볶음국수,"곤약국수 사과 레몬즙 
 
 스 다진양파 흑임자 플레인요거트 그라놀라 꿀"
닭가슴살리조또,"닭가슴살 찰보리 찹쌀 청피망 표고버섯 청양고추 양파 
다진마늘 홍피망 크림 우유 올리브오일 함초 금 
고명 건조토마토"
녹차귀리라떼,"브로콜리 귀리 닭 우유 
녹차가루 아몬드슬라이스 무염버터 흰후추 금 
우유 크림 다진양파"
계란숙샐러드,"달걀 쇠고기 게맛살 감자 천연조미료 물 
브로콜리 방울토마토 미니파프리카 영양부추 
 스 매실청 발사믹식초 올리브오일 후추 식초"
한식풍닭가슴살스테이크,"닭가슴살 미나리 쌀 청경채 
무조림 무 맛간장 고춧가루 다진마늘 물 
 스 된장 매실청 들기름 다진양파 검은깨 다진마늘"
강황고구마밥,"쌀 강황가루 고구마 닭 
"
된장시금치옹심이,"시금치 감자 애호박 당근 양파 
청고추 홍고추 밀가루 
국물 바지락 저염된장 볶은 금"
불고기 소스를 곁들인 두부구이,"두부구이 두부 전분 흑임자 식용유 후추 
"
매생이순두부탕,"
 다시마 멸치 보리된장"
겨자 오이고추소박이,"
 스 겨자분말 식초 설탕"
실치오이 초절임,매실액 실치 식초 ⅓큰술 오이
비트무절임,"
 초절이 스 금 식초 ⅓큰술 설탕"
감귤 김치,"
 김치국물 귤 고춧가루 다진 마늘 강즙"
두부달걀덮밥,"
밥 가다랑어포 
 
 녹말물"
봄나물밥,"
 두부"
가지연어구이,"
올리브유 마늘 
 스 사과 유자청 레몬즙"
갈릭칩동태구이,"
 저염된장"
고구마두부스테이크,"
양파 다진 견과류 찹쌀가루 
청국장 스 양송이버섯 다시마 청국장 
유 자청 녹말가루"
닭가슴살카나페,"
비트 닭가슴살 
후춧가루 새싹 바나나식초"
삼색꼬치구이,"
배사과 스 배 사과 레몬즙 꿀"
꽁치채소말이,"
밀가루 깻잎 무순 새싹 
오렌지 스 오렌지 레몬즙 설탕 고운 금"
차돌박이구이,"
차돌박이 어린잎채 
홍초물 설탕 홍초 물"
간장아귀찜,"
콩나물무침 콩나물 참기름 참깨 
간장 스 설탕 저염간장 청주 다시마물 
 마늘"
견과류통삼겹살찜,"
호두 새우젓 마늘 파프리카 부추 
돼지고기 간장 참기름 후춧가루 
 고춧가루 
 스 설탕 맛술 간장 닭 다진 마늘 
다진 양파 다진 강 다진 당근"
닭가슴살말이,"
마른 표고버섯 간장 참기름 견과류 
단촛물 설탕 식초 
겨자 스 설탕 발효겨자 식초 다진 잣 다진 땅콩 참깨"
두부말이찜,"
톳 깻잎 참기름 
 참깨 
레몬 스 설탕 레몬즙 간장 식초"
미나리명태찜,"
레몬 스 설탕 레몬 식초 저염간장"
불고기덮밥,"쌀밥 불고기 양파 청고추 홍고추 
팽이버섯 계란 쪽파 마늘기름 통깨 
"
바비큐리조또,"통삼겹 
조림장 맛간장 통후추 발사믹식초 흰후추 
청국장리조뜨 밥 청국장가루 야채 감자 
올리브오일 영양부추 
곁들이채 적양배추 사과 마늘 올리브오일"
간편콩국수,"메밀면 백일송이 마늘기름 통깨 볶은 금 
고명 애호박 양파 청고추 홍고추 
국물 두유 두부"
모듬해물찜,"전복 자숙새우 라살 알마늘 파 
청고추 홍고추 홍피망 양파 
"
크렌베리귀리밥,백미 크렌베리 귀리
블루베리냉스프,"검은콩두유 꿀 딸기 블루베리 
저지방우유 볶은현미 바나나 
고명 브로콜리 라이스페이퍼 건조체리"
토마토제철나물 샐러드,"영양부추 치커리 적양배추 알배추 방울토마토 양파 
두부크루통 두부 식용유 
 스 마늘 참깨 흑임자 꿀 참기름 맛간장 레몬즙 식초"
브로콜리스프,"닭 양송이버섯 브로콜리 크림 함초 금 
고명 바케트 
청양고추버터 청양고추 버터 방울토마토 설탕"
초계샐러드,"닭가슴살 달걀 오이 피망 파프리카 시금치 
 스 잣 식초 연겨자 설탕 참깨 흰후추 
고명 추"
토마토맑은장국,"
 닭 
 일식된장"
매생이찰범벅,"우유 매생이 찹쌀 단호박 
밤 녹차 금 멸치"
통삼겹맥적구이,"통삼겹 닭 
구이 스 저염된장 꿀 청주 참기름 다진마늘 다진 파 통깨 
샐러드 수삼 알배추 당근 
샐러드 스 식초 다진마늘 참기름 맛간장"
닭가슴살샌드스테이크,"닭가슴살 시금치 양파 콜리플라워 
브로콜리 양송이 방울토마토 
닭 다진마늘 버터 흰후추 올리브오일 
 스 버터 꿀 오렌지주스 레몬즙 흰후추"
치즈리조또,"단호박 우유 유기농 아기치즈 
멥쌀 표고버섯 참기름 볶은 금"
가지말이샐러드,"가지 감자 미니파프리카 양파 마늘튀김 
 스 홀그레인머스터드 올리브오일 다진마늘 설탕 
올리고당 레드와인 
곁들이채 어린채 
고명 파마산치즈"
유자등갈비구이,"등갈비 월계수잎 강 통후추 
식용유 마늘 m 적양배추 양파 
당근 
 스 유자청 사과 밤 크림 
설탕 금 식초"
실곤약팟타야,"실곤약 고기 숙주 
양파 청피망 홍고추 
 스 굴 스 다진 마늘 액젓"
닭고기라이스롤,"닭고기 우유 후춧가루 수수 
쌀 파프리카 당근 양파 
애호박 금 식용유 
 스 토마토 다진 마늘 케첩"
깐풍파스타,"밀가루 뽕잎가루 백년초가루 
호박가루 올리브오일 닭고기 강 
정종 금 후춧가루 녹말가루 
달걀 튀김기름 
 스 크림 스 설탕 파프리카 
청피망 깻잎"
닭강정,"닭고기 카레가루 녹말가루 
튀김기름 저염간장 레몬즙 설탕 
꿀 다진마늘 
 스 요거트 양파 당근 파프리카 
오이 케첩"
소고기꼬치구이,"고기 금 후춧가루 인삼 
올리브오일 파프리카 파인애플 
표고버섯 파 토마토 베이컨 
마늘 꼬치 
 스 유자청 저염간장 레몬 설탕"
황태볶음면,"황태 새우 오징어 굵은 금 
양파 마늘 파 표고버섯 양배추 
라면 숙주 올리브오일 마요네즈 
설탕 
 볶음간장 다시마 강즙 저염간장"
토마토덮밥,"쌀 가지 새우 
 스 양파 마늘 올리브오일 
토마토 스 케첩 토마토 설탕 
 곁들임채 어린잎"
표고크림파스타,"양송이 표고버섯 금 후춧가루 
스파게티 올리브오일 
 크림 스 밀가루 버터 우유 
생크림"
떡갈비통치미국수,"동치미 배 식초 다진 고기 
오이 당근 양파 후춧가루 정종 
설탕 저염간장 다진 마늘 다진 파 
매실액 참기름 통깨 국수 식용유 
 곁들임채 오이 당근 양파 후춧가루 
정종 설탕 저염간장"
백김치닭살샐러드,"닭고기 월계수잎 통후추 정종 
백김치 토마토 파프리카 당근 
브로컬리 양상추 
 스 발사믹식초 설탕 올리브오일 
 금"
단호박크림파스타,"단호박 파스타 금 
다진 마늘 버터 베이컨 양송이 
양파 우유 크림"
견과편수,"흑임자 밀가루 우유 닭가슴살 
후춧가루 다진 마늘 부추 양파 
다진 파 
 마 바나나 머스터드 캐슈넛 
잣 우유"
바지락실곤약파스타,"바지락 브로컬리 금 마늘 
파프리카 청양고추 올리브오일 
실곤약 후춧가루 
 곁들임채 어린싹"
황태리조또,"두부 금 홍합 버터 황태 
 크림 
달걀 참기름 통깨"
깻잎애호박찜,"애호박 깻잎 양파 피망 파프리카 
저염간장 매실액"
녹차와 대추밀전병,"고기 등심 오이 당근 양파 
표고버섯 추 계피가루 밀가루 
녹차가루 달걀 잣 저염간장"
단호박 된장매쉬와 해물굴림만두,"고기 우둔살 새우 흰살생선 
단호박 고구마 녹말 달걀 
된장 금"
닭순대,"닭고기 가슴살 당면 달걀 부추 
밀가루 저염간장 당근 참기름 
후춧가루 금"
도라지 유자청생채,"도라지 풋고추 홍고추 양파 
라임주스 흑임자 유자청 금"
돼지고기 숙주덮밥,"
 금 후춧가루 
 다시마 저염간장 물"
두부스테이크,"두부 양파 새송이버섯 달걀 케일 
당근 토마토 칵테일새우 레몬 
파인애플 마늘 올리브오일 금"
들깨곤약수제비,"곤약 표고버섯 새송이버섯 들깨가루 
사골 마늘 식초"
먹물소스를 곁들인 토마토피클,"마 우엉 토마토 배 새싹 
피클링스파이스 와인 먹물 설탕 
식초 금"
묵은지고등어와 새우말이꼬치,"고등어 새우 새송이버섯 당근 
미나리 깻잎 가지 오이 아몬드 
마늘 파프리카 어린잎 양상추 땅콩 
묵은지"
버섯배추말이,"배추 양배추 표고버섯 만송이버섯 
미나리 다시마 식초 설탕 금 
저염간장"
봄날의 연못,"문어 양파 오이 배 토마토 
유자청 레몬 올리브오일 라임"
산나물 유부초밥,"취나물 참나물 곤드레나물 유부 
쌀 식초 설탕 금 토마토"
삼삼한 롤,"연어 훈제연어 양파 아보카도 당근 
감자 새송이버섯 레몬 사워크림 
 금"
삼색채소 냉파스타,"닭고기 가슴살 파스타 쥬키니호박 
사과 비트 레몬 마늘 시금치 
 금 올리브오일 꿀"
새우보리죽 고등어스테이크,"고등어 새우 보리 강 
레몬 막걸리 비트 설탕 식초 
 금"
소금없는 초밥,"참치 파프리카 아스파라거스 표고버섯 
달걀 밥 김 다시마 무 
가쓰오부시 와사비 식초 설탕 
 금"
잣소스새송이볶음,새송이 버섯 빨간 파프리카 노란 파프리카 찹쌀가루 물 금 올리브유 잣 꿀 우유 금
더덕얼갈이겉절이,얼갈이 배추 더덕 까나리액젓 고춧가루 깨 금 다진 파 다진 마늘 다진 강 금 국간장 물
과일겨자채,사과 배 밤 추 곶감 호두 땅콩 양상추 연겨자 연유 사과식초 꿀 배즙
콜라비물김치,콜라비 당근 오이 청고추 홍고추 실파 금 물 찹쌀가루 배 적양파 금
고구마라떼,고구마 우유 플레인 요거트 다진 호두 올리고당 계피가루
홍시곶감화채,얼린 홍시 곶감 호두 꿀 물
,
옥수수감자샐러드,감자 달걀 옥수수알 완두콩알 빨강파프리카 마요네즈 호상요구르트 금
홍합 쌀옹심이국,쌀가루 감자 홍합살 애호박 달걀노른자 양파 다진 파 국멸치 홍고추 청고추 다진 마늘 다시마 국간장 현미유 금 물
찬밥김치달걀찜,달걀 밥 쌀 김장김치 당근 양파 파 새우젓국물 물
꼬막떡꼬치구이,꼬막 꼬막살 떡볶이떡 고추장 양파 파 조청 현미유 다진 마늘 간장 고춧가루 참기름 통깨
물파래콩전,물파래 노란콩 불린것 우리밀가루 현미유 홍고추 물 간장 파 식초 통깨
카스텔라케이크와 해독주스,"카스텔라 꿀 견과류 요거트 체리 
해독주스 바나나 브로콜리 사과 당근 방울토마토"
토마토김치,"방울토마토 영양부추 양파 청고추 홍고추 
 
통깨 다진마늘 참기름 젓갈"
닭가슴살스튜,"닭가슴살 당근 양파 브로콜리 감자 
방울토마토 우유 올리브유 
 스 토마토페이스트 다진마늘 밀가루 흰후추"
가지겉절이,"가지 양파 파 청고추 홍고추 간편 어간장 
"
저염 동치미,"함초 사과 양파 무 쪽파 청고추 
홍고추 마늘 함초 금 찹쌀가루 매실청"
장어수육구이,"장어 양파 통생강 강청 
 스 씨겨자 통깨 매실청"
울금해초밥,"울금가루 쌀 올리브오일 건조미역줄기 
맛장 일본된장 다진양파 두부 다진마늘 고춧가루 참기름"
미역줄기두부무침,"건조미역줄기 두부 로즈마리 혼합견과류 
 스 맛간장 다진양파 다진마늘 흰후추 통깨 식초"
맑은육개장,"고사리 무 파 양파 팽이버섯 볶은 금 다진마늘 
국물 고기 양지 물 마늘 청양고추 
"
주꾸미보양샐러드,"주꾸미 사과 더덕 양파 청고추 홍고추 
 스 마늘기름 식초 다진마늘 다진 파 레몬 금 흰후추 
다진청고추 레몬즙"
전복내장밥,"전복 칵테일새우 바지락살 당근 연근 단호박 
찹쌀 다진마늘 참기름 주 흰후추 마늘기름"
카레감자전,"감자 유기농 밀가루 카레가루 양파 루콜라 마늘기름 
 스 발사믹식초 저염간장 설탕"
두부채소샐러드,"두부 건 표고버섯 치커리 홍고추 노란색 파프리카 방울토마토 
 스 요거트 겨자 꿀 레몬즙"
더덕비트물김치,"더덕 양파 청고추 홍고추 식초 
국물 비트 함초 금 강청 식초"
연어허브스테이크,"연어 로즈마리 레몬 올리브오일 
 스 당근 양파 토마토 마늘 
버터 밀가루 토마토 스 
 우유 월계수잎"
해물칼국수,"밀가루 금 녹말가루 덧밀가루 
애호박 느타리버섯 양파 파 
홍합 새우 미더덕 저염간장 
 건새우 멸치 다시마 무 
양파 마늘"
버섯리조또,"양파 양송이 표고버섯 느타리버섯 
버터 불린쌀 크림 금 
 건새우 건멸치 마늘 다시마 
물"
삼색소고기만두,"애호박 금 부추 숙주 두부 
달걀 고기 다진 파 다진 마늘 
참기름 후춧가루 
 만두피 시금치 금 당근 들깨가루 
밀가루 녹말가루 
 양파 다시마 건새우 건멸치"
콩가루비빔밥,"청포묵 참기름 금 
달걀 금 오이 당근 고사리 
표고버섯 식용유 쌀밥 
 고기 곁들임채 고기 파 마늘 
참기름 후춧가루 
 고추장 스 고추장 콩가루 다진 고기"
인삼닭살찜,"닭가슴살 금 후춧가루 정종 
 추 인삼 밤 표고버섯 
새송이버섯 치킨"
양배추버섯말이,"양배추 미나리 느타리버섯 표고버섯 
팽이버섯 당근 오이 금 
 고기 파 마늘 참기름 설탕 
 참기름"
단호박떡갈비,"단호박 다진 고기 
다진 파 다진 마늘 다진 양파 
참기름 저염간장 후춧가루 
매실액 찹쌀가루 설탕 잣"
배추만두탕,"배추 미나리 두부 부추 
표고버섯 느타리 고기 저염간장 
 파 마늘 참기름 통깨 
후춧가루 
 양지육 무 마늘 저염간장"
해산물누들볶음,"홍합 조 표고버섯 양파 
홍파프리카 피망 오징어 칵텔새우 
스파게티 금 올리브오일 마늘 
커리가루"
허브닭스테이크,"닭가슴살 우유 로즈마리 후춧가루 
저염버터 
 스 토마토 마늘 저염버터 
양송이 토마토케첩 크림 
 곁들임채 당근 감자 브로컬리"
새우완자찜,"새우 금 후춧가루 
다진 고기 마늘 브로컬리 당근 
양파 금 달걀 녹말"
두부된장무침,두부 된장 쌈채 크림
귀리죽,"귀리 쌀 양파 부추 고기 
참기름 달걀 흑임자"
탕평채,"청포묵 맛 금 참기름 고기 
저염간장 설탕 참기름 미나리 
숙주 홍파프리카 달걀 김 통깨 
 식초"
겨자소스를 곁들인 새우롤과 전복샐러드,"새우 전복 연어 겨자가루 
어린잎 요구르트 고추장 설탕 
식초 금"
속채운대저토마토백김치,"토마토 배춧잎 오이 무 양파 
마늘 강 금"
둥지튀김,"닭고기 살코기 달걀 레몬 통계피 
감자 어린잎 메추리알 금 
후춧가루 밀가루 전분 설탕"
들깨죽,"사골 들깨가루 마늘 부추 
홍고추 양파 당근 찹쌀"
레몬크림콩다식,"콩가루 꿀 레몬 크림 설탕 
레몬제스트"
룰룰랄라,"양상추 고기 부추 닭고기 
토마토 양파 전복 당근 
양송이버섯 쌀 금"
매실소스를 곁들인 돼지고기만두,"돼지고기 안심 당면 애호박 당근 
표고버섯 목이버섯 양파 마늘 
토마토 매실액 후춧가루"
머스터드튤립치킨,"닭고기 날 어린잎 파슬리 머스터드 
양파 마늘 레몬 튀김가루 
 금 후추 식용유"
머위향 통밀푸실리,"머윗 푸실리 올리브오일 마늘 
양파 크림 화이트와인 금"
미니함박스테이크,"고기 돼지고기 추 양파 
마늘 새송이버섯 파프리카 배춧잎 
단호박 당근 금 후춧가루 
배 저염간장 설탕"
바다완자탕,"새우 바지락 무 다시마 파 
가쓰오부시 달걀 전분 홍고추 
풋고추"
봄옷을 입은 닭,"닭고기 가슴살 취나물 달걀 애호박 
당근 표고버섯 오이 파프리카 
고구마 누룽지 금 후춧가루 
미나리"
삼계치킨,"닭고기 가슴살 인삼 양송이버섯 
마늘 양파 깻잎 아스파라거스 
오렌지 레몬 크림 금 
후춧가루 파 밀가루"
삼계치킨롤,"닭고기 인삼 추 찹쌀 양파 
 파 당근 마늘 강 월계수잎 
통후추"
새우완자탕,"새우 청경채 달걀 치킨 
전분 후춧가루 요리술 금"
아삭,"아스파라거스 당근 무 식초 
설탕 월계수잎 통후추 금"
연어비트 절임샐러드,"연어 비트 오렌지 양파 새싹 
식용꽃 올리브오일 설탕 식초 
 금"
,
,
,
,
,
깻잎단호박튀김,깻잎 단호박 호두 꿀 찹쌀가루 물 콩기름
,
수박껍질풋고추볶음,수박 속껍질 풋고추 홍고추 포도씨유 금 절일 때 간 맞출 때
우무오미자냉화채,오미자 물 올리고당 우무묵
포도호두스무디,얼린포도알 오미자액 호상요구르트 깐호두
,
근대쌈밥과 멸치견과류쌈장,근 쌈밥 쌀 현미 보리쌀 근 물 국멸치 건다시마 멸치견과류쌈장 다시마국물 양파 된장 파 고추장 잔멸치 호두 잣 땅콩 다진 마늘 매실액
장어조림,"장어 깻잎 청고추 홍고추 양파 강 
 
통깨 통마늘 파"
통삼겹스테이크,"통삼겹 건로즈마리 로즈마리 올리브유 
곁들이채 백일송이 당근 양파 
곁들이채 미니파프리카 양파 식초 설탕 
매쉬포테이토 감자 버터 우유 
 스 된장 다진마늘 다진양파 플레인요구르트 설탕 
고명 볶은현미"
저염된장 삼치구이,"
 구이 스 일본된장 청주 
 곁들임 스 유자청 다진마늘 청고추 홍고추"
미역전복죽,"전복 찹쌀 당근 다시마 사방 
건조 자른미역 참기름 검정깨"
불고기미니볼,"다진 고기 다진양파 빵가루 계란 밀가루 
식용유 단호박 감자 로즈마리 
 
 스 딸기잼 오미자청 물"
치자연근물김치,"연근 당근 미나리 청고추 홍고추 알마늘 
치자가루 강청 식초 볶은 금 설탕"
훈제연어롤,"훈제연어 양파 피클 후춧가루 
 스 오렌지 오렌지 주스 설탕 레몬 
물녹말 스위트칠리 
 곁들임채 아스파라거스 어린잎"
크림닭,"닭가슴살 우유 금 후춧가루 
밀가루 달걀 빵가루 튀김기름 
양송이버섯 양파 버터 크림 스 
캐슈넛 크림 모짜렐라치즈 
 곁들임 어린잎 파슬리가루"
등심채소롤,"돼지등심 금 후춧가루 
파프리카 시금치 파인애플 치즈 
밀가루 달걀 빵가루 튀김기름 
 스 칠리 스 설탕 물녹말 녹말가루 물"
유부완자탕,"유부 두부 새우 배추 표고버섯 
양파 당근 마늘 저염 금 
후춧가루 미나리 저염간장"
미니밥버거,"밥패티 찹쌀 현미쌀 올리브오일 버터 
 고기패티 다진 고기 양파 마늘 
빵가루 크림 으깬두부 
 금 후춧가루 
 스 마요네즈 치즈 토마토"
파프리카볶음밥,"당근 쥬키니호박 표고버섯 양송이버섯 
파인애플 버터 밥 닭고기살 
다진마늘 저염간장 양파 올리고당 
토마토 페스트 토마토 파프리카 달걀 
모짜렐라치즈 파슬리가루"
리코타치즈돈가스,"돼지등심 금 후춧가루 올리브오일 
밀가루 달걀 빵가루 튀김기름 
 리코타치즈 우유 레몬즙 모짜렐라치즈 
 스 양파 토마토 마늘 사과 
케첩 돈가스 스"
삼겹살부추찜,"삼겹살 강 양파 월계수잎 
통후추 주 된장 부추 
편마늘 홍고추 
 스 저염간장 물 설탕 
올리고당 통후추 강 
물녹말 녹말 물"
전복죽,"쌀 전복 새우살 양송이 당근 
참기름 잣 
 스 저염간장"
오징어토마토초무침,"오징어 미나리 금 토마토 
양파 청고추 홍고추 파 
당근 통깨 
 식초 
생강즙 올리고당"
들깨칼국수,"밀가루 녹말가루 식용유 금 
달걀 애호박 홍고추 들깨가루 
 건새우 멸치 양파 다시마 
마늘 무"
소고기채소불고기,"
 추 통깨 
 스 저염간장 올리고당 참기름 다진마늘 후춧가루"
숙주라면,"홍합 숙주 청경채 청고추 홍고추 
고춧가루 굴 스 라면 파 
달걀 
 멸치 건새우 무 양파 
마늘"
곤약냉면,"실곤약 무 식초 금 설탕 
홍파프리카 오이 배 달걀 
 국물 동치미국물 배즙 홍초 
설탕 겨자 식초"
과일갈비찜,"돼지갈비 홍고추 참기름 통깨 
배 사과 추 밤 오이 
양파 당근 무 
 설탕 
다진 마늘 다진 파 다진 강 
후춧가루 주"
토마토소스닭갈비,"닭 강즙 주 양파 당근 
깻잎 양배추 고구마 
 스 토마토 토마토 스 마늘 
고춧가루 고추장 매실청"
골뱅이과일무침,"골뱅이 통깨 당근 양파 양배추 
깻잎 파 홍고추 청고추 황도 
배 사과 바나나 파인애플 
 마늘 
케첩 설탕 식초 매실액 
생강즙 참기름"
두유 마 떡갈비,"고기 돼지고기 떡볶이떡 흑미 
현미 백미 조 애호박 당근 
토마토 양송이버섯 양파 마늘 
달걀 시금치 설탕 금 저염간장 
참기름"
떡갈비와 미니잡곡밥,"고기 돼지고기 떡볶이떡 흑미 
현미 백미 조 애호박 당근 
토마토 양송이버섯 양파 마늘 
달걀 시금치 설탕 금 저염간장 
참기름"
리코타소스 연어샐러드,"연어 토마토 우유 레몬 
파인애플 아보카도 오이 오렌지 
어린잎 금"
망고무스케이크와 마카롱,"달걀 아몬드 레몬 망고퓨레 버터 
생크림 우유 물엿 금 설탕 
판젤라틴"
망고자몽드레싱 해산물전체,"관자 새우 방울토마토 크림 
파슬리 당근 오이 단호박 브로콜리 
감자 망고 레몬 자몽 설탕 
 금"
머쉬룸 닭스테이크,"닭고기 당근 양파 단호박 미니
양배추 새송이버섯 느타리버섯 버터 
 금 후춧가루 발사믹 스 
올리브오일"
미역소스와 타르타르,"관자 새우 미역 새송이버섯 
시금치 토마토 마늘 블랙올리브 
메추리알 레몬 두유 크림 
우유"
발사믹소스를 곁들인 오리스테이크,"오리고기 가슴살 당근 토마토 
새송이버섯 표고버섯 감자 아스파라거스 
 금 후추 올리브오일 발사믹 스 
양파"
방울토마토를 곁들인 너비아니구이와 쌈밥,"고기 흑미 아스파라거스 감자 
당근 사과 양송이버섯 방울토마토 
깻잎 배 브로콜리 마늘 설탕 
저염간장 참기름"
배차와 주악,"쌀가루 밀가루 막걸리 배 
통후추 꿀 강 식용꽃 계피 
설탕"
배추관자카나페,"관자 배춧잎 파프리카 레몬 
고추장 매실액 설탕 금 파슬리"
버섯과 두부 비프웰링턴,"고기 안심 두부 양송이버섯 양파 
당근 단호박 가지 감자 깻잎 
마늘 버터 밀가루 달걀 금"
복분자소스를 곁들인 닭테린,"닭고기 가슴살 시금치 브로콜리 
토마토 고구마 아스파라거스 복분자 
새송이버섯 마늘 치즈 전분 금 
후춧가루"
관자버터구이,"관자 시금치 비트 양파 오이피클 
고추피클 마요네즈 꿀 버터"
세 가지 미니 에피타이저,"연어 훈제연어 새우 애호박 사과 
오렌지 레몬 석류주스 판젤라틴"
식혜양갱과 수박증편,"엿기름 밥 미숫가루 막걸리 
 추 잣 백년초 밀가루 
찹쌀가루 버터 설탕 한천"
수박비빔국수와 수박고추장소스,다슬기살 호박잎 부추 달걀 물 된장 국멸치 건다시마 파 다진 마늘
미숫가루 부추전,부침가루 미숫가루 오징어 부추 감자 당근 양파 현미유 금 물
애호박장떡말이밥,밥 애호박 양파 풋고추 고추장 우리밀가루 물 현미유 흑임자 참기름 금
봄나물주먹밥,쌀 취나물 고사리 빨강파프리카 노랑파프리카 참기름 다진 마늘 금 통깨
달래두부김치무침,두부 달래 배추김치 홍피망 다진 파 다진 마늘 설탕 참기름 통깨 고춧가루 금
딸기소스닭가슴살채소무침,닭가슴살 방울토마토 양상추 브로콜리 적채 노랑 파프리카 빨강 파프리카 호상요구르트 딸기 호두 금
쑥호두달걀말이,달걀 쑥 당근 호두 현미유 금
시래기리조또,무청시래기 불린 것 밥 된장 다진 마늘 강즙 포도씨유 크림 버터
생과일과가자미까나페,식빵 딸기 참다래 가자미살 크래커 마요네즈 양파
꽃게살국,꽃게 꽃게살 양배추 토마토 된장 파 건다시마 다진 마늘 물
우엉들깨무침,"
 간장"
새우두부만두,칵테일 새우 두부 부추 표고버섯 금 후추 만두피 간장 식초 물 고춧가루
마마무스프,"무 마 우유 크림 시금치 
 파 양파 금 버터"
단호박리조또,"현미 단호박 양송이버섯 양파 
버터 우유 설탕 단호박가루 
생크림 요거트 
 곁들임 캐슈넛 아몬드 어린잎"
토마토떡볶이,"떡볶이떡 어묵 양파 당근 
표고버섯 양배추 파 
 스 고추장 케첩 올리고당 다진마늘 
토마토 사과 버터"
소고기채소볶음,"고기등심 금 후춧가루 
올리브오일 브로컬리 양파 당근 
토마토 파프리카 식용유 
 스 포도주스 올리고당 칠리 스"
양송이크림볶음밥,"닭고기살 양송이 떡볶이떡 양파 
당근 금 버터 밥 
우유 크림 치즈"
해물우동볶음,"새우 오징어 조 살 양배추 
파프리카 청경채 당근 양파 
저염버터 우동 굴 스 칠리 스 
가쯔오부시"
단호박닭꼬치,"닭다리살 우유 금 후춧가루 
떡볶이떡 단호박 양파 파 꼬치 
 스 고추장 다진마늘 다진양파 케첩 
올리고당"
떡갈비콩나물밥,"쌀 콩나물 표고버섯 브로컬리 
 김치떡갈비 다진 고기 배 맛술 
설탕 저염간장 파 
마늘 참기름 통깨 김치 
떡볶이떡 후춧가루"
크림치즈떡볶이,"떡볶이떡 펜네 양파 버터 
밀가루 크림 우유 
모짜렐라치즈 파슬리가루"
목살스테이크,"돼지목살 강 로즈마리 금 
후춧가루 칠리 스 케첩 포도주스 
양파 마늘 버터 브로컬리 당근 
적채 샐러리"
치킨완자스프,"버터 밀가루 크림 
브로컬리 우유 닭고기살 추 
표고버섯 당근 마늘 양파 
 금 후춧가루 참기름"
돼지고기말이튀김,"돼지등심 금 후춧가루 깻잎 
당근 청피망 양파 치즈 밀가루 
달걀 빵가루 튀김기름 
 튀김 스 마요네즈 두부 크림 
요구르트 설탕 머스터드 
 곁들임 어린잎"
단호박피자,"다진 고기 다진 마늘 금 
후춧가루 맛술 미니단호박 크림 
양송이 양파 당근 청피망 
파프리카 베이컨 햄 올리브오일 
모짜렐라치즈 파슬리가루"
L..A갈비구이,"L A갈비 배 양파 
 통후추 
올리고당 정종 설탕 매실액 
 파 다진것 다진 마늘 참기름 
통깨"
닭고기파스타,"마늘 양파 양송이버섯 버터 
스파게티 올리브오일 모짜렐라치즈 
 닭가슴살 닭살 금 후춧가루 
밀가루 
 스 토마토 토마토 스 올리고당 
굴 스 우유"
동글동글도넛,"고기 돼지고기 토마토 양파 
찹쌀가루 달걀 순두부 유자청 
 금 후춧가루"
된장크림소스 잡곡 오므라이스,"찹쌀 보리 율무 은행 팥 
 추 호박 홍피망 청피망 양파 
표고버섯 부추 마늘 달걀 전분 
된장 로즈마리 크림"
두릅부추 소고기말이,"고기 홍두깨살 부추 양파 두릅 
 파 마늘 저염간장 후춧가루"
두부 비빔호박쌈,"두부 쌀 강황쌀 당근 
애호박 숙주 고사리 호박잎 
파인애플 올리고당 고추장 저염간장 
 금"
두부곤약파스타,"곤약 두부 배 양파 파프리카 
양배추 적양배추 토마토 저염간장 
설탕 식초"
두유 라이크 파스타,"스파게티 양파 베이컨 새송이버섯 
브로콜리 홍고추 두유 견과류 
치즈 올리브오일"
라따뚜이,"토마토 가지 애호박 홀토마토 
양파 월계수잎 파슬리"
라이스페이퍼 야채롤,"새우 양파 파프리카 베이컨 
아스파라거스 라이스페이퍼 깻잎 땅콩 
블루베리"
브로컬리 단호박스프와 완두콩퓨레,"브로콜리 우유 단호박 고구마 
완두콩 식빵 밀가루 버터 
생크림 오렌지"
삼색샐러드와두부구이,"두부 홍피망 황파프리카 적채 
양파 깻잎 흑임자 밀가루 매실액 
저염간장 설탕 금"
새송이등갈비,"돼지고기 등갈비 새송이버섯 당근 
 파 양파 저염간장 후춧가루 
올리고당 마늘"
설렁탕쑥떡볶이,"돼지고기 뼈갈비 쑥 찹쌀가루 당근 
감자 숙주 청양고추 홍고추 금"
소안심 야채 호박잎쌈,"호박잎 적채 파프리카 양파 오이 
 고기 안심 다시마 두부 고추장 
설탕 식초 후춧가루"
양배추 고기말이,"양배추 돼지고기 등심 두부 시금치 
달걀 마늘 금 후춧가루"
양배추 쌈말이,"양배추 돼지고기 깻잎 사과 
파프리카 당근 다시마 마늘 
저염간장 후춧가루 가쓰오부시"
연어샐러드,"연어 레몬 발사믹 스 어린잎 
후춧가루 올리브오일"
오렌지 드레싱 타다키 부추샐러드,"오렌지 양파 고기 등심 레몬 
부추 양배추 견과류 금 
후춧가루"
,
배추토란국,토란 쇠고기 양지 배추 파 다진 마늘 고춧가루 된장 물 참기름
,
단호박푸딩,단호박 우유 달걀노른자 꿀
고등어된장구이,고등어 콩기름 양파 껍질 양파 일식된장 미 마요네즈 식초 맛술 강즙 다시마 국물
낙지브로콜리볶음,낙지 브로콜리 방울토마토 밀가루 양파 마늘 올리브유 금
주꾸미돌나물무침,주꾸미 돌나물 오이 노랑파프리카 빨강파프리카 양파 고추장 식초 매실액 다진 파 다진 마늘 통깨 고춧가루
사과소스폭찹,돼지고기 등심 금 후추 올리 브유 사과 양파 토마토 물 버터 올리브유 레몬즙
건도토리묵버섯들깨국,건도토리묵 불린것 표고버섯 느타리버섯 들깨가루 국멸치 건다시마 파 다진 마늘 국간장 금 물
무대하무침,무 새우 하 파 다진 마늘 고춧가루 간장 설탕 참기름 통깨
간편조기찜,조기 고사리 양파 홍고추 청고추 다진 마늘 다진 강 국간장 참기름 통깨 물
표고버섯쇠고기찜,표고버섯 다진 쇠고기 등심 양파 파 다진 마늘 간장 설탕 참기름 말린 청양고추
참나물돼지고기샐러드,돼지고기사태 참나물 양파 파 통마늘 강 후춧가루 양파 간장 식초 설탕 마늘 고춧가루 올리브유 통깨
연근배추홍시샐러드,연근배추샐러드 연근 배추 사과 배 땅콩 호두 현미유 물 홍시 홍시 호상요구르트 식초 금
열무곤약국수,"열무김치 실곤약 오이 레몬 
양파 계란 당근 통깨"
장어구이,"장어 우유 
뿌리채 조림 우엉 더덕 강 맛간장 강청 
올리고당 발사믹식초 
곁들이김치 명이김치 백김치"
안심스테이크,"안심 아스파라거스 당근 감자 호두 
 스 망고 블루베리잼 다진마늘 버터 포도주 
올리고당 흰후추 볶은 금"
로제파스타,"토마토홀 토마토 다진양파 다진마늘 
푸실리 치즈가루 파슬리가루 함초 금 마늘오일 
곁들이야채 양파 가지 파프리카 애호박"
가지라따뚜이,"가지 
피망 파프리카 양파 토마토페이스트 애호박 
치즈가루 바질잎"
쪽갈비구이,"쪽갈비 올리브오일 통후추 건 로즈마리 와인 
곁들이채 방울토마토 양파 레몬껍질 
 스 마요네즈 식초 홀그레인 머스터즈 설탕 다진마늘 백후추"
베이컨밀푀유,"알배추 깻잎 베이컨 
무 숙주 청경재 백일송이 
국물 채 국물 표고버섯 다시마 무 마늘 파뿌리 양파 맛간장 
 스 멸치간장 와사비 레몬즙 
 스 칠리 스 올리고당 레몬즙"
실곤약냉파스타,"실곤약 칵테일새우 브로콜리 바질 레몬즙 
 스 잣 바질페이 스 마늘오일 드라이토마토"
명란프리타타,"명란젓 크림 달걀 흰추후 시금치 
방울토마토 올리브유"
양송이구이,"양송이 로즈마리 
 다진 돼기고기 청양고추 후추 다진마늘 달걀 밀가루 
 스 홀스레디쉬 레몬즙 후추"
함초김치,"함초 알배추 양파 무 간편 어간장 
국물 오렌지주스 유자청 식초 설탕 야채국물"
연어스테이크,"연어 건조다시마 사방 잎녹차 브로콜리 호두 
귀리 쌀 미 된장 흰후추 화이트와인 크림 
수제조미료 닭 버터"
웰빙꼬치,"닭가슴살 자숙새우 라살 방울토마토 
단호박 파 파프리카 
양파 흰 후추 레드와인 다진 마늘 올리브오일 통후추 
 스 발사믹 식초 설탕 버터"
매운닭날개구이,"닭날 감자 방울토마토 브로콜리 
마늘 양파 버터 후추 황설탕 
고춧가루 레드와인 멕시코고추"
웰빙카레죽,"카레가루 귀리밥 닭가슴살 애호박 
감자 양파 방울토마토 
마늘 버터 칵테일새우"
닭가슴살 두부선,닭고기 가슴살 두부 비트 시금치 베이비채 마늘 참기름 흑임자 플레인요거트 식초 설탕 금
단호박 마전,단호박 마 밀가루 찹쌀가루 건 추 금
완두콩과 당근을 넣은 감자요거트 샐러드,완두콩 당근 감자 플레인요거트
무오색쌈,쌈무 쇠고기 달걀 당근 표고버섯 오이 연겨자 진간장 식초 참기름 깐마늘 설탕 통깨 금
흑마늘견과류조림,통마늘 마카다미아 호두 아몬드 캐슈넛 땅콩 두유 흑마늘진액 간장 물엿 깨
고구마 찰 빵,"
"
브로콜리견과류복음,"
"
유린기,"
 스 식초 저염간장 레몬즙 설탕 물 
 옥수수전분"
단호박 호밀빵,"
"
미숫가루 스콘,버터 박력분 강력분 미숫가루 베이킹파우더 우유 달걀 건크랜베리 호두
고구마 공갈빵,"
"
검은콩 크림빵,"
"
오이 소르베,오이 셀러리 줄기 요거트 과일 라임즙 아가베 시럽
리코타치즈 카프레제,방울토마토 우유 ㎖ 레몬즙 발사믹식초 레몬즙 올리브유
연두부 카프레제,깻잎 양파 방울토마토 연두부 두부 다진 마늘 치즈 간장 올리브유 참기름
연두부 토마토,연두부 방울토마토 스트링치즈 어린잎채 발사믹식초 사과 사과주스 플레인 요거트
들깨삼겹살과 참외쌈장,삼겹살 참외 간 크기 영양부추 들깻가루 마늘 통후추 저염 된장 다진 양파 다진 마늘 참깨 참기름 다진 청고추 다진 홍고추 고춧가루 다진 파 들깻가루 사과즙 견과류
돼지고기 포두부 파스타,양파 ½ 마늘 파 다진 돼지고기 두부면 새우 ¾컵 닭 청양고추 고추장 후춧가루 식초 올리브유 고춧가루
단호박 양파잼 샌드위치,양파 미니 단호박 삶은 달걀 우유 ½컵 식빵 슬라이스 체더치즈 말린 자두 ½컵 청상추 아몬드 슬라이스 ⅓컵 화이트와인 ⅓컵 꿀 금 후춧가루
시금치크림치즈 빵,"
"
무말랭이김치,무말랭이 식초 설탕 레몬 당근 오이 피클링스파이스 물
코울슬로샐러드,"
 마요네즈 마요네즈 설탕 식초"
마들깨미역국,건미역 마 깐들깨가루 건다시마 참기름 마늘 물
바지락맑은국,"
 다시마 청양고추 무 파 물"
통배추 겉절이,"
 참기름"
포니언 스프,"
 후춧가루"
가지 탕수육,돼지고기 두부 아삭이고추 가지 식용유 금 후춧가루 간장 올리고당 식초 전분 튀김가루
토마토소스 애호박냉파스타,토마토 참외 오이 양파 ½ 마늘 애호박 바질잎 블랙올리브 파우더 레몬즙 올리브유 금 페페론치노 저염 간장 식초 꿀
새우채소 김치롤,김치 ¼포기 오이 파프리카 노랑 빨강 각 깻잎 새우 달걀물 분량 무순 ⅓줌 크래미 식용유
토마토채소스프와 연어소바찜,토마토 무 당근 마늘 양파 연어 메밀면 월계수잎 금
참나물무말이 물김치,참나물 무 레몬 설탕 사과식초 물 ㎖ 사과식초 마늘 홍고추 사과 ½
소고기 무국,고기 무 파 느타리버섯 숙주 저염간장 물
매운락교무침,"
 참깨"
채소초밥,쌀 현미 현미찹쌀 애호박 새송이버섯 우엉 적파프리카 황파프리카 주황파프리카 식초 설탕 파래김 미향 레몬 건다시마
꽃게바지락찌개,꽃게 바지락 조선무 깐양파 애호박 두절콩나물 국멸치 건다시마 깐 파 국간장 고춧가루 된장 고추장 물
새뱅이찌개,물 다시마 양파 새뱅이 밀가루 호박 무 청양고추 파 마늘 쑥갓 고춧가루 고추장 금 간장
황태미역국,"
 황태머리 다시마 표고버섯 파 물 
 저염국간장"
매실입은가지닭볶음탕,닭고기 가지 매실엑기스 파 마늘 두유 간장 식초 미림 올리고당 참기름
홍시잼 식빵,"
"
콩가루 소보로,"
 
"
곤약 가스,냉동 곤약 채 썬 양파 납작 썬 마늘 채 ㎖ 아몬드 땅콩 통밀가루 미림 간장 간 마늘 토마토 페이스트 간장 설탕 발사믹식초 식용유 ㎖
두부크림 관자뇨키,양파 관자 새우 모시조 청양고추 두부 우유 ⅔컵 크림 ⅔컵 후춧가루 다진 마늘 바질 그라나파다노 치즈
"삼색나물, 토마토양념장",토마토 마늘 양파 꿀 식초 도라지 시금치 고사리 고추장 금 참기름
삼색 브레드 스틱,강력분 금 드라이이스트 버터 식용유 당근 참나물 연근 견과류 물
양배추말이 김치,양배추 시금치 오이 당근 고춧가루 간장 사과식초 사과즙
단호박 양고기볶음,콜리플라워 고구마 양파 양고기 부채살 마늘 단호박 올리브유 바질럽드 바질페스토 홀그레인 머스터드 다진 마늘
홍시에이드,홍시 배 탄산수 사이다
낙지묵은지콩나물국,낙지 묵은지 콩나물 무 파 마늘 국멸치 두유 간장 쌀뜨물 고춧가루
자색고구마 버터크림 빵,"
 
"
치아바타 피자빵,"
 스 토마토 양송이 버섯 양파 파프리카 로즈마리 식용유 물 
 토핑 저염치즈"
코코넛워터 토마토카레,양파 감자 당근 닭가슴살 토마토 코코넛워터 ㎖ 우유 ㎖ 현미밥 올리브유 후춧가루 카레가루 물 그릭요거트 금 올리브유 올리고당 다진 마늘 카레가루 파슬리가루
치즈 단호박,단호박 달걀 맛술 우유 모차렐라치즈 그라나파다노치즈 아몬드 플레이크 꿀 파슬리가루
강황 투움바 파스타,양파 양송이버섯 마늘 토마토 탈리아텔레 말린 토마토 다진 파슬리 핑크 페퍼 바질잎 바게트 물 무 양파 다시마 × 올리브유 강황가루 고운 고춧가루 식물성 크림 ⅔컵 두유 ¼컵 후춧가루
코다리 뿌리채소 들깨탕,코다리 무 연근 호박 우엉 느타리버섯 표고버섯 파 양파 청양고추 쑥갓 홍고추 다시멸치 다시마 들깨가루 마늘 강 후추가루 천일염
찹쌀 흰살 생선찜,배추 파 가자미 찹쌀가루 식초 맛술 새우젓 다진 마늘 다진 파 월계수잎 불린 찹쌀 고운 고춧가루 백후추 잘게 다진 새우젓
깻잎퓌레를 곁들인 삼치새우,깻잎 청경채 새우 삼치 크림 ㎖ 식용 꽃 삶은 감자 녹인 무염 버터 ㎖ 우유 ㎖ 레몬즙 금 후춧가루 건로즈메리 찹쌀가루 전분 올리브유 ㎖ 설탕 후춧가루 식용유 ㎖
참나물페스토 파스타,"
 참나물 페스토 참나물 잣 올리브유 금 
 올리브유"
카레삼겹살 파니니,방울토마토 아보카도 로메인 양파 ¼ 파 미나리 ⅓줌 마늘 패삼겹살 치아바타 올리브유 후춧가루 간장 꿀 카레가루 고운 고춧가루 플레인 요거트 꿀
어린잎채소 건두부말이,어린잎채 견과류 건두부 슈레드 모차렐라치즈 라임청 후춧가루 올리브유 다진 마늘
토마토 채소 계란찜,방울토마토 양파 브로콜리 그린빈스 계란 파마산치즈 크림 마늘 후추
배 깍두기,배 쪽파 고춧가루 액젓 마늘
바지락가자미완탕국,가자미살 두부 양파 파 후추 전분 바지락 무우 마늘 쑥갓 청홍고추 팽이버섯 물
저염보쌈김치,"""배추 배 추슬라이스 깐밤 당근 
 """
새우게살 파프리카롤,크래비 냉동 새우살 파프리카 빨강 주황 노랑 각각 냉동 아보카도 절임 올리브 그린 블랙 다진 파 다진 마늘 후춧가루 간 파르메산치즈 홀그레인 머스터드 요플레 올리고당
콩국물소스를 곁들인 게살 냉채,게살 수박 가지 적채 브로콜리 두부 우유 ㎖ 꿀 금 후춧가루 올리브유 ㎖
방아잎 닭고기말이,아스파라거스 닭다릿살 방울토마토 방아잎 ⅓줌 파르메산 치즈 레몬즙 맛간장 잣 마늘 올리브유 ⅔컵 간장 물 ½컵 사과 ½ 양파 ½ 마늘 파 ½ 플레인 요거트 ½컵 레몬즙 무가당 아보카도 마요네즈 파르메산 치즈 스테이크 시즈닝 파슬리가루
새우 카레 빠에야,양파 ½ 토마토 새우 쌀 ½컵 카레가루 황태 머리 다시마 × 다진 마늘 파슬리가루 후춧가루
오징어 가라아게&칠리소스,"
 전분"
콜라비 깍두기,"
 매실청 
 천일염"
비타 오이 물김치,오이 무 홍고추 파프리카 당근 미나리 식초 배 고춧가루 설탕
감자미역국,건미역 감자 다진마늘 참기름 국간장 물
청경채 김치,"
 다진생강 
 찹쌀가루"
두부 새우볼,두부 냉동 새우살 양파 새송이버섯 강가루 후춧가루 금 금 후춧가루 파슬리가루 식용유 버터 밀가루 우유 ㎖
소고기육전과 전복내장소스,부챗살 쪽파 홍고추 익힌 전복내장 다진 건새우 밀가루 달걀물 강 저염 간장 맛술 식초 참기름 후춧가루 식용유
라이스페이퍼 수제소시지,다진 돼지고기 사각 라이스페이퍼 새우젓 저염 간장 버섯가루 스테비아 찹쌀가루 후춧가루 훈제 파프리카파우더 카옌 페퍼 커민 다진 양파 다진 마늘
치즈토마토 가지구이,새송이버섯 양파 ½ 토마토 가지 돼지고기 목살 슈레드 모차렐라치즈 ½컵 올리브유 다진 마늘 쌈장 파프리카가루 바질잎
묵은지 밀푀유나베,묵은지 ¼포기 배추 깻잎 고기 샤브샤브용 콩나물 북어채
생선까스&타르타르소스,"
 후춧가루 레몬즙 
 타르타르 스 삶은 달걀 마요네즈 홍고추 청양고추 양파 후추 레몬즙"
곤약 감자조림,곤약 감자 풋고추 홍고추 다시마 간장 설탕 미림 참기름 식초 물
배추된장국,배추 두부 양파 파 다시멸치 청양고추 다진마늘 강즙 된장 쌀뜨물 물
한우굴라쉬,쇠고기 등심 양파 감자 파프리카 토마토 마늘 밀가루 토마토페이스트 케첩 버터 올리브유 월계수잎 금 후추 물
요거트강화순무김치,순무 쪽파 고운 고춧가루 굵은 고춧가루 다진마늘 플레인요거트 금
크림카레소스를 곁들인 함초두부스테이크,양파 당근 양송이버섯 불린 함초 으깬 두부 닭가슴살 달걀 빵가루 밀가루 버터 우유 강황가루 함초 금 다진 마늘 저염 간장 식용유
레몬등갈비구이,"
 주 로즈메리 다진마늘 후춧가루 올리브유 
 디핑 스 요거트 꿀 레몬즙"
과일 먹은 닭탕수,닭고기 다리살 포도 미니사과 파인애플 전분 설탕 레몬 청주 후추 금 물
,
구기자모듬장조림,한돈 사태 메추리알 당근 곤약 구기자 양파 파 다시마 마늘 표고버섯 저염간장
오미자저염나박김치,배추 콜라비 오이 당근 실파 청 홍고추 레몬 오미자엑기스 식초 설탕 물
메밀면 샐러드,양상추 당근 방울토마토 닭가슴살 메밀면 어린잎채 식초 간장 올리브유 다진 마늘 올리고당 유자청
치즈 두부 튀김,고구마 호두 우유 ㎖ 두부 빵가루 모차렐라치즈 식용유
단호박 라타투이,가지 주키니호박 ½ 토마토 ½ 단호박 훈제 오리 마늘 다진 양파 ½컵 다진 토마토 다진 파프리카 올리브유 금 후춧가루
느타리버섯볶음,"
 간장"
닭고기 바비큐,닭가슴살 홍피망 양파 노랑파프리카 양송이버섯 스 스 양파다진것 마늘다진것 케첩 홍토마토 설탕 물 br 이탈리안시즈닝 타임 로즈마리 바질 오레가노
,
,
등심 배구이,쇠고기등심 배 오이 잣가루 식용유 스 고기재움장 포도주 후춧가루 br 저나트륨초간장 스 간장 사과주스 식초 설탕 와사미
버섯소스를 곁들인 돼지 등심 스테이크,돼지등심 양송이버섯 표고버섯 애느타리버섯 파슬리다진것 버터 후춧가루 밀가루 식용유 화이트와인 물
,미나리잎장식
양송이버섯과 포도주스를 가미한 등심구이,쇠고기등심 양송이버섯 포도주스 토마토 물 바질 설탕 오레가노 마늘가루 금 파슬리다진것 월계수잎 로즈마리 통후추 타임
비타 오이 물김치,오이 무 홍고추 파프리카 당근 미나리 식초 배 고춧가루 설탕
새우살토마토스튜,새우살 토마토 양파 당근 애호박 건다시마 버터 케찹 후추 금 물
견과류문어떡갈비,돈민찌 우민찌 떡 문어 배 호두 아몬드 다진마늘 다진파 찹쌀가루 참기름 후추 밀가루 식용유 추 잣
배물김치,배 미나리 청홍고추 감자 설탕 마늘 강 물
성주참외동치미,참외 양파 배 파 마늘 홍고추 강 식초 설탕 누룩 금 물
애호박 순대,두부 새우 팽이버섯 당근 깻잎 파프리카 다진 고기 감자전분 달걀흰자 애호박 저염 간장 식초 적양파
버터치킨카레,양파 당근 ½ 토마토 닭고기 가슴살 다릿살 각 크림 파프리카 빨강 노랑 각 바게트 월계수잎 통후추 정향 요거트 가람마살라 코리앤더파우더 커민파우더 다진 마늘 파프리카가루 금 버터
소고기찜과 검은콩수제비,팽이버섯 ½봉 느타리버섯 ½줌 알배추 ½ 쪽파 가지 ½ 당근 ¼ 흰다리새우 관자 삶은 검은콩 ½컵 고기 불고기용 부채살 숙주 ⅓줌 달걀노른자 쑥갓 ⅓줌 미니 단호박 ½ 표고버섯 청경채 금 통밀가루 ¼컵 돼지감자가루 ¼컵 현미쌀가루 ¼컵 저염 간장 맛술 꿀 레몬즙 다진 쪽파 다진 청양고추
케이준 스타일 닭고기 요리,닭가슴살 식용유 파프리카가루 키엔페퍼 양파가루 마늘가루 후추 흰후춧가루 오레가노마른것 타임 마른것 바질마른것 로즈마리마른것 선택 황설탕
,
구운 닭고기 샐러드와 저나트륨 과일 드레싱,닭가슴살 양상추 방울토마토 브로컬리 스 저나트륨과일 파인애플통조림 키위 사과 양파 올리브오일 레몬즙 설탕 금
돼지고기 수육 부추부침,돼지고기 삼겹살 파 마늘 강 통후추 영양부추 양파 무 금 식초 설탕 스 매운 스 고추기름 간장 발사믹식초 설탕 저나트륨 두부 된장 스 두부 된장 청·홍고추다진것 물
,
낙지볶음면,낙지 쭈꾸미 면 배추 양파 느타리버섯 표고버섯 스 볶음 스 청피망 홍피망 청양고추 파 굴 스 고춧가루 매운고춧가루 금
지중해 소스를 곁들인 도미스테이크,도미 후춧가루 밀가루 식용유 화이트와인 물 파슬리다진것 스 지 해 스 토마토 올리브 케이퍼 양파다진것 마늘다진것 토마토 바질
해산물 샤브샤브,새우 모시조 굴 패주 오징어 당귀잎 배추잎 샐러리잎 백만송이버섯 쑥갓 팽이버섯 곤약 단호박 스 통깨 스 다시물 볶은통깨 피넷버터 맛술 식초 타비스코 스 진간장
고등어구이,고등어 밀가루 스 저나트륨발사믹 스 간장 올리브오일 발사믹식초 꿀
골뱅이무침,골뱅이 양파 파 오이 미나리 깻잎 스 저나트륨초고추장 스 고추가루 강즙 사과주스 설탕 고추장 식초 깨 금 참기름 마늘다진것 청고추 홍고추
굴 두부 국,굴 두부 마늘다진것 실파 김 새우젓 금 참기름 다시마 홍고추
과일퓨레수제함박스테이크,쇠고기 우둔 돼지고기 전지 도라지 사과 배 깐연근 토마토 깐양파 양송이버섯 당근 청피망 달걀 빵가루 파인애플 방울토마토 버터 밀가루 레몬 후추 강 금
달콤과일깍두기,"
 통깨"
비트 단호박 파스타,삶은 스파게티 감자 파르메산 치즈가루 어린잎채 비트 올리브유 스리라차 스 마늘 미니 단호박 크림 설탕
해조비빔국수,오이 ⅓ 양파 ⅓ 파프리카 빨강 노랑 각 ½ 도토리묵 해조국수 스테비아 식초 간장 스리라차 스 매실청 다진 마늘 참깨
닭봉 로제스튜,양파 마늘 감자 파프리카 빨강 노랑 각 ⅓ 당근 ½ 브로콜리 ½ 닭봉 통조림 홀토마토 크림 파르메산 치즈가루 월계수잎 금 후춧가루 올리브유 화이트와인 ⅓컵 강황 코리앤더가루 커민 레드크러쉬드 페퍼 바질가루 오레가노가루 버터
수제새우소시지,양파 ½ 칵테일새우 라이스페이퍼 깻잎 감자전분 후춧가루 레몬즙 다진 마늘 올리브유 다진 마늘 올리고당 파슬리가루
금태찜,금태 금 흰후춧가루 청주 강즙 녹말가루 콩나물 미나리 느타리버섯 홍고추 당근 파 무 스 찜 스 다시마국물 간장 맛술 식초
,
꽁치 양념구이,꽁치 후춧가루 밀가루 녹말가루 식용유 스 저나트륨고추장 스 토마토케첩 고추장 마늘 강즙 청고추다진것 홍고추다진것 물엿 간장 물 맛술
꽃게강정,꽃게 후춧가루 청고추 홍고추 토마토케첩 마늘 강 강즙 찹쌀가루 식용유 스 매운고추 스 매운 고춧가루 맛술 간장 물엿
낙지강회,낙지 실파 미역마른것 쌈다시마 당근 스 고추장 식초 설탕 사과주스 고춧가루
낙지 잣소스 냉채,낙지 오이 밤 미나리 배 홍피망 스 잣 스 잣 배즙 흰후춧가루 금
두부 해산물 꼬치구이,두부 라살 패주 금 스 마늘올리브유 스 마늘 올리브유 바질다진것 방울토마토
,
멸치 찹쌀양념 튀김,멸치 간것 찹쌀가루 식용유 땅콩 스 고추장 스 고추장 간장 양파즙 마늘즙 강즙 맛술 설탕 물엿 식용유 참기름 흑임자 실파
,
부추조개살 콩비지조림,콩비지 조갯살 부추 당근 스 조림장 간장 청주 조미술 설탕 강즙 마늘다진것
연어냉채,훈재연어 흰후춧가루 녹말가루 오이 래디쉬 샐러리 배 스 저나트륨파인애플 스 파인애플 파인애플 통조림 국물 올리브오일 레몬즙 사과 금 설탕
오징어말이 케첩조림,오징어 당근 시금치 달걀 표고버섯마른것 식용유 밀가루 스 토마토케첩 스 마늘다진것 양파다진것 토마토케첩 물 후춧가루
오징어보쌈과 저나트륨 된장소스,갑오징어 당근 오이 상추 스 저나트륨된장 스 된장 양파 물 식초 설탕 청고추 홍고추
칠리새우,백새우 케첩 파 녹말가루 밀가루 달걀 완두콩 식용유 참기름 스 저나트륨칠리 스 두 장 고추기름 설탕 마늘 강 청주 식초
"연근샐러드, 흑임자소스",흑임자 연근 레몬 마요네즈 플레인요거트 식초
단호박함박스테이크,돼지고기 고기 단호박 양파 마늘 당근 계란 빵가루 우유 콩기름 금 후추 올리고당
배깍두기,배 부추 고춧가루 매실청 설탕 참깨
닭고기 찰깨빵,방울토마토 양파 파프리카 할라피뇨 훈제 닭가슴살 찰깨빵 모차렐라치즈 파슬리가루 설탕 금 레몬즙 ㎖ 후춧가루
레몬연어 파피요트,브로콜리 ¼ 애호박 ½ 레몬 ½ 양파 ½ 노랑 파프리카 ¼ 방울토마토 마늘 연어 필레 로즈메리 올리브유 레몬즙 올리브유 금 후춧가루 다진 양파 ½컵
떡꼬치구이,"
 통깨"
아보카도 두부 샐러드,연두부 아보카도작은것 게살냉동 양파 민트 스 고추냉이 고추냉이 갠것 간장 금 레몬즙 올리브유엑스트라버전
과일 젤리,젤라틴 자몽주수 귤통조림 파인애플통조림 체리 설탕
복숭아샤벳,복숭아 식혜 설탕시럽 민트
과일 주스 조림,천도복숭아 자두 체리 산딸기 블루베리 사과 포도 포도주스 설탕
감자를 곁들인 야채스튜,양파 청피망 가지 애호박 양송이버섯 마늘다진것 토마토콩카세 감자 올리브오일 닭 토마토페이스트 크림 우유 금 후추
김치 고구마밥,고구마 쌀 물 김치 사과작은것 참기름 마늘다진것 스 간장 국간장 고춧가루 다진마늘 통깨 실파송송썬것 참기름
돈불고기 파인애플볶음,돼지고기 불고기용 파인애플 양배추 양파 당근 파 설탕 부추 마늘 참기름 간장
비름나물 된장무침,"
 다시마 물 다시마 
 고춧가루 
 참기름"
소고기 들깨 알토란탕,고기 양지 무 알토란 파 느타리버섯 고사리 콩나물 고춧가루 깻잎순 들깨가루 금 간장
과일삼겹살조림&파채무침,돼지고기 삼겹살 새싹채 깐 파 파인애플 배 사과 깐양파 진간장 깐마늘 깐생강 고춧가루 레몬 식초 설탕 국간장
곤약백김치말이,판곤약 부추 파프리카 빨강 노랑 청색 각 왕오징어채 백김치 양조식초
꽈리고추 닭강정,꽈리고추 양파 ½ 건고추 마늘 파 닭다릿살 백후춧가루 식용유 참깨 전분 달걀흰자 굴 스 올리고당 다진 마늘 강가루 후춧가루
참치두부 주먹밥,두부 파프리카 빨강 노랑 각 ¼ 깻잎 잡곡밥 통조림 참치 스테비아 간장 참기름
대구 크림스튜,양파다진것 청피망다진것 마늘다진것 청고추다진것 구살 토마토콩카세 땅콩버터 크림 파프리카가루 새우 올리브오일 금 후추
대추죽,좁쌀 추 깐밤 찹쌀가루 물 금
돼지고기 토마토 두부볶음,돼지고기목살 두부 토마토 강다진것 파다진것 땅콩기름 간장 닭 물전분 금
,
미니버거,양파다진것 브로컬리다진것 당근다진것 바질다진것 달걀 쇠고기다진것 돼지고기갈은것 빵가루 마요네즈 토마토케첩 미니 버거빵 양상추 토마토 후추
바질 고구마 옥수수빵(플렌타),시금치 바질 고구마 옥수수가루플렌타가루 파마산치즈 모짜렐라 치즈
밥스틱,당근다진것 양파다진것 홍피망다진것 청피망다진것 햄다진것 밥 카레가루 춘권피 치즈 튀김기름 금 후춧가루
버섯 리조또,쌀 양송이버섯 마늘다진것 닭 파슬리다진것 타임다진것 올리브오일 파마산치즈 버터 금 후추
버섯 참치 무른밥,불린 쌀 물 참치살 표고버섯 무 양파 참기름 통깨 금
송이 미역국,불린 쌀 양송이버섯 당근 양파 마른미역 참기름 물
시금치 배 미음,불린쌀 물 배 시금치 꿀
어린이 스시,밥 달걀 삶은것 슬라이스햄 슬라이스치즈 양파 샐러리 캔참치 칵테일새우 날치알 마요네즈 초 리 식초 설탕 금
에멘탈 치즈 퐁듀,에멘탈 치즈 마늘 넉맥 닭 물전분 바케트빵 방울토마토 키위 금 후추
"두부구이, 버섯소스",두부 느타리버섯 발사믹크림 올리브유 올리고당 쪽파 간장
고구마 김치,고구마 미나리 홍고추 고춧가루 올리고당 마늘 젓갈 참깨
담양식떡갈비&야채쌈,우육 분쇄육 돈육 분쇄육 두부 양파 파 상추 깻잎 해바라기씨 간장 설탕 쌈장
단감피클,단감 식초 설탕 물
들깨 삼계면,삼계탕용 닭 우유 ㎖ 삼계탕 티백 메밀면 깻잎 바질 삼계탕 ㎖ 사과식초 홍고추 사과 ½ 삼계탕 ㎖ 들깻가루 금
골뱅이무침과 삼겹살수육,삼겹살 파채 월계수잎 맛술 설탕 고춧가루 간장 고추장 다진 마늘 레몬즙 골뱅이 국물
완두콩 스프,양파다진것 샐러리다진것 베이컨 완두콩 크림 금 후추
유부 만두찜,유부 미나리 두부 닭가슴살 양파채썬것 당근채썬것 건표고버섯 시금치 금 흰 후춧가루 깨 금 참기름 초간장 멸치 간장 식초 설탕
펜네 파스타 샐러드,펜넬파스타 청피망 홍피망 양파 완두콩 블랙올리브 아스파라거스 토마토콩카세 파마산치즈 금 바질 페스토 잣 올리브오일 바질 믹서에 갈아줌
해산물 옥수수 오븐구이,달걀 새우 바지락 도미살 슬라이스 햄 실파 토마토 애호박 캔 옥수수 슬라이스 치즈 홍고추 바질 올리브오일 마늘다진것 금 후춧가루
향향 볶음밥,감자 오이 목이버섯 닭고기 닭 밥 파 식물성기름 금
흑임자 두부국,불린 쌀 으깬 두부 검은 깨 물 금
과일 요구르트 샐러드,멜론 사과 바나나 오렌지 플레인 요구르트 레몬주스 오렌지주스
단호박 스프,버터 마늘 양파 샐러리 강 닭 단호박 고구마 우유 라임주스 크림 금 후추
새우 완자탕,새우 살 달걀흰자 전분 당면불린것 팽이버섯 부추 홍고추 다시마 국간장 마늘다진것 금 흰 후춧가루
생강향의 고구마 크로켓,고구마 강 크림 버터 꿀 밀가루 달걀물 빵가루 튀김기름 금 후추
알파벳 스프,양파 정사각형 샐러리 정사각형 당근 정사각형 마늘다진것 식용유 닭 후추 금 월계수잎 알파벳파스타
야채 과일 돌구이,단호박 고구마 오렌지 금
야채볶음,감자 양송이버섯 당근 건목이버섯 산마 참기름 물전분 식용유 금
야채빵,밀가루 베이킹파우더 버터 달걀 설탕 당근 양파 캔옥수수 완두콩 우유 금
영양 달걀찜,죽순 밤 찐 어묵 건표고버섯 은행 새우 잣 달걀 쑥갓 멸치 금
유부 달걀찜,유부 달걀 당근 멸치 간장 설탕 금
,
유부 우엉 잡채,우엉 유부 양파 당근 올리브유 올리고당 간장 설탕 참깨 참기름
치즈두부샐러드,까망베르치즈 두부 새싹채 아몬드슬라이스 유자청 식초 레몬즙 올리브유 저염간장
된장숙성저수분수육,앞다리살 돈육 보쌈용 양파 파 저염된장 통후추 월계수잎 강가루 다진마늘
스마일오이피클,오이 배 홍피망 청피망 노랑파프리카 식초 설탕 물 피클링스파이스
참나물 소보로덮밥,건취나물 건표고버섯 불린 쌀 불린 곤약쌀 다진 돼지고기 달걀 참나물 간장 참기름 금 식용유 ㎖
버섯초계탕,닭 양파 파 미나리 ½줌 새송이버섯 팽이버섯 마늘 양송이버섯 달걀 전분 간장 금 후춧가루
사과채소타코,양상추 사과 ½ 토르티야 슈레드 모차렐라치즈 양파 ⅛ 파프리카 ⅛ 토마토 ½ 할라피뇨 피클 스리라차 스 스테비아 아보카도 ½ 살사 스 라임즙 무가당 플레인 요거트 마요네즈 다진 마늘 파슬리가루 라임즙 후춧가루
케첩 완자,돼지목살다진것 청경채 케첩 파다진것 강다진것 전분 금
홍시 생밤 무침,홍시 바나나 밤 추 호두
고구마 경단,고구마 카스텔라 우유 버터 꿀 건포도 금
두부 깻잎 과자,두부 깻잎 밀가루박력분 베이킹파우더 설탕 달걀 검은깨 금
두부양갱,치자 백련초가루 두부 한천 설탕 물
멸치 누룽지과자,밥 잔멸치 통깨 설탕
복숭아 화채,오미자 천도복숭아 배 설탕 물 잣 설탕시럼 설탕과 물을 동량으로 하여 불에서 서서히 녹인다 기호에 맞게 만든다
사과 포도주스 조림,사과 포도주스 계피가루 아이스크림
홍시 쉐이크,냉동홍시 오미자 물 레몬즙 꿀 민트
,
누룽지 피자,잡곡밥흑미 검은콩 피자치즈 양파 청 피망 홍 피망 양송이 햄 캔옥수수 실파 피자 스 마늘다진것 양파다진것 쇠고기다진것 토마토케첩 설탕 간장 금 후춧가루
단호박 새우찜,단호박작은것 잔새우살다진것 두부 건표고버섯 청피망다진것 홍피망다진것 실파 밀가루 마늘 깨 금 참기름 금 흰후춧가루
두부 샌드위치,두부 키위 오렌지 토마토 바나나 사과 꿀 금 식용유
라이스페이퍼 새우롤,새우 홍피망 팽이버섯 숙주 무순 상추 차이브 쌀국수가는것 라이스페이퍼 새콤 달콤 스 양파 마늘 홍고추 청고추 물전분 물 식초 설탕 고추기름
"레몬, 파슬리 빵가루를 입힌 도미",도미 마늘다진것 빵가루 버터 레몬주스 레몬제스트 파슬리다진것 금 후추
롤피자,밀가루 력분 이스트 따뜻한물 금 올리브오일 청피망 홍피망 베이컨 양파 양송이 토마토 스 모짜렐라 치즈 바질 오레가노 파마산치즈
닭곰탕,"
 
 후추"
미나리버섯고기말이&산채소스,돈등심 새송이버섯 미나리 후추 찹쌀가루 참나물 취나물 올리브오일 땅콩 파마산치즈 마늘
오이파프리카새콤무침,오이 파프리카 빨강 노랑 각 식초 설탕
양상추샐러드 & 과일드레싱,"
 스 사과 파인애플 레몬즙"
시금치들깨무침,시금치 파 마늘 들깨가루 통깨 들기름 금 데치는용
채소롤초밥,가지 오이 밥 금 다시마가루 매실식초 참기름 참깨
,
배추 달걀볶음,배추 달걀 돼지고기 파 강다진것 간장 목이버섯 닭 물전분 식용유 금
사과와 양파를 곁들인 돼지등심 요리,돼지등심 오레가노마른것 바질마른것 올리브오일 양파 사과 금 통후추부순것
새우 속을 채운 리치와 감자튀김,새우 달걀흰자 실파 물밤다진것 금 후추 리치캔 감자 전분 튀김기름 스 올ㄹ브오일 다진 양파 다진생강 다진마늘 고추기름 식초 설탕 금 후추 전분 다진 레몬껍질
,
서양식 씨리얼(뮤즐리),오트밀 꿀 플레인 요거트 아몬드 사과 건포도 우유 계피가루 바나나 키위
수퍼 브리또,양파 할라피뇨 쇠고기갈은것 토마토콩카세 양상추 올리브오일 또띠아 아보카도 사워크림 금 후춧가루 강낭콩 퓨레 강낭콩 베이컨 마늘 양파 바질마른것 살사 배 오렌지 레몬주스 파프리카 가루
아보카도 달걀 샌드위치,달걀 마요네즈 디존 머스타드 레몬주스 식빵 아보카도 워터크레스 금 후추
알록달록 시금치 당근 수제비,시금치 당근 밀가루 물 감자 애호박 실파 멸치 다진 마늘 간장 금
인도식만두구이(사모사),양파다진것 마늘다진것 강다진것 청고추다진것 새우다진것 버터 레몬주수 선 카레가루 토마토페이스트 달걀물 춘권피 올리브오일
중국식 바비큐 폭립,돼지갈비 바비큐용 스 양파작게자른것 마늘다진것 식용유 레드와인식초 황설탕 꿀 데미글라스 토마토케첩 머스타드 우스터 스 케이엔페퍼 금 후추
"제주도 빙떡, 귤간장소스",메밀가루 무 후추 다시마 다진 마늘 다진 파 저염간장 통깨 귤 즙 참기름
퓨전떡갈비,고기 돼지고기 양파 배 마늘 강 저염간장 찹쌀가루 참기름 참깨
마늘칩 감자샐러드,감자 마늘 양파 마요네즈 플레인요거트 머스터드 설탕 파슬리
시래기닭조림,"
 물엿"
두부튀김&무소스,두부 계란 깻잎 옥수수전분 식용유 혼다랑어가쓰오부시 무 레몬쥬스 양조식초 저염간장 미향 설탕
오징어튀김&딸기쨈,오징어 밀가루 물 계란 후추 식용유 딸기쨈
감귤콩샐러드,감귤 완두콩 수수 율무 병아리콩 유자청 치커리 올리브오일
바질향이 향긋한 고구마 찰 바케트,"
"
두유 크림 현미리소토,손질된 고등어 양파 마늘 양송이버섯 청양고추 깻잎 불린 현미 검은콩 두유 ㎖ 달걀노른자 다시마 간장 레몬즙
당근새우 카나페,칵테일새우 사과 ½ 양파 ⅓ 당근 ¼ 바게트 다진 파슬리 블루베리 애플민트잎 당근 ⅓ 양파 ⅓ 레몬 ⅓ 후춧가루 레몬즙 식초 올리브유
아보카도 수란샐러드,상추 레몬 ½ 아보카도 토마토 달걀 파프리카 빨강 노랑 각 ½ 금 식초 금 후춧가루 바질가루 오레가노가루 올리브유 레몬즙
참깨 오렌지 쇠고기,쇠고기사태 전분 간장 오렌지주스 굴 스 꿀 참깨 식용유 강 오렌지 파인애플
치킨 버거 스테이크,닭가슴살 빵가루 차이브 바질 파슬리 금 후추 양송이 속양파다진것 버터 양송이 빵가루 크림
토마토소스 달걀볶음,달걀 파 토마토 스 설탕 금 식물성기름 참기름
낫토 시래기 라이스전,밥 양파다진것 당근다진것 낫토 시래기불린것 카레가루 파다진것 밀가루 달걀 식용유 금 후춧가루
나스와 샐러드,달걀 완두콩 오이 토마토 레드어니언 로메인 홍고추 블랙올리브 바질 캔참치 strong 드래싱 strong 올리브오일 레드와인식초 디존 머스타드 마늘 설탕
다시마전,다시마 영양부추 청고추다진것 홍고추다진것 새우살다진것 밀가루 물 금 멸치액적 스 멸치액젓 물 설탕 깨 금 고춧가루 실파
모듬옥수수,옥수수 잣 청피망 당근 닭고기 식용유 물전분 금
버섯 들깨탕,느타리버섯 표고버섯 팽이버섯 새송이벗서 우엉 조랭이떡 들깨 물 들기름 금
산마드래싱과 실곤약 샐러드,그린비타민 치커리 배 포도주스 훈제오리가슴살 실곤약 산마드래싱 산마 우유 레몬주스 오렌지주스 호두 금
산호두부,두부 돼지고기다진것 당근다진것 고추기름 완두콩 파 강 물전분 금
섭산삼,더덕 젖은 찹쌀가루 가루녹차 백년초 가루 설탕 꿀 금 튀김기름
시금치 돼지고기 볶음,돼지고기살코기 물전분 금 시금치 부추 간장 파 강 식용유
발사믹과 로즈마리로 향을 낸 오븐구이 야채,단호박 당근 비트 고구마 꿀 발사믹식초 로즈마리 금 후추
종이에 싸서 구운 도미(파필로테),도미살 금 후추 샐러리 채친것 당근 채친것 파채친것 양파채친것 피망채친것 브러컬리 레몬제스트 팽이버섯 버터 유산지 허브버터 버터 파마산치즈 통후추 오레가노 마늘 양파
무염 겉절이,알배추 적양파 파 풋고추 마늘 무청 고춧가루 매실액 식초 사과
닭가슴살호두크로켓,닭가슴살 두부 양파 파 호두 땅콩 마늘 강 후추 설탕 식초 계란 쌀가루 빵가루 순무 두유 홀그레인 땅콩버터 레몬 파슬리
누룽지상추샐러드&유자드레싱,누룽지 로메인상추 파프리카 빨간색 노란색 유자청 식용유 올리브유 레몬즙 식초 후추
견과류 미숫가루 빵,"
 아몬드우유 아몬드 우유 
 토핑 버터 아몬드 슬라이스 미숫가루"
돼지 함초 덮밥,양파 쪽파 레몬 무순 멸치 건함초 다시마 밥 꽈리고추 돼지고기 등심 수란 김가루 고추냉이 마늘 강 건고추 팔각 참기름 후춧가루 ⅓Ts 식용유
닭가슴살 채소쌈,양상추 양파 ¼ 토마토 간 크기 청양고추 할라피뇨 피클 닭가슴살 단호박 라이스페이퍼 플레인 요거트 마늘 파 ½ 후춧가루 카레가루
호두 사과 샐러드,사과 샐러리 마요네즈 레몬주스 식초 호두 건포도 금
고구마란,고구마 꿀 계피가루 추 호박씨
과일 파이,오렌지 사과 설탕 물전분 버터 식빵
수삼당근정과,당근 수삼 꿀 물 계피가루
식혜 팥빙수,팥 찹쌀가루 쑥가루 물 식혜 금
야채칩,연근 고구마 감자 단호박 당근 금
잡곡강정,검은콩튀밥 쌀튀밥 메닐튀밥 물엿 설탕 물
잣 호두 강정,잣 호두 추 통깨 시럽 물엿 설탕
현미 크레이프,현미가루 밀가루 우유 참기름 금 팥 팥 설탕 당근조림 당근 설탕 물
,
고기완두조림,돼지고기살코기 완두콩 물 설탕 금 전분 식용유
니고랭,달걀물 식용유 홍고추 마늘다진것 닭가슴살 새우 양파 청경채 스파게티면 방울토마토 버터 야 스 간장 발사믹식초 굴 스 꿀
,
미니 그라탕,사과 참마 레몬주스 건포도 슬라이스아몬드 설탕 스 참마 두유 물엿 밀가루 올리브오일 금
밀라노 스타일 포크 커틀렛,돼지등심 밀가루 달걀 빵가루 바질 건타임 버터 식용유 레몬 파마산치즈 금 후추
바지락 볶음면,바지락살 칵테일새우 청고추 홍고추 파 마늘다진것 강다진것 칼국수면 식용유 물전분 간장 스 멸치 간장 설탕 양파즙 다진 파 다진 마늘 참기름 깨 금 금 후춧가루
삼색 꽃 화전,찹쌀가루 시금치 치자 식용꽃 타임 설탕 꿀
알록달록연근튀김,깐연근 비트 시금치 카레가루 건새우 전분 튀김가루 금 식물성기름
잎채소튀김,깻잎 상추 배추 계란 튀김가루 콩기름 얼음
포항초사과샐러드,포항초 사과 당근 양파 파프리카 레몬즙 또는 식초 저염간장 설탕
생선 파피요트,양파 ⅓ 파프리카 ⅓ 레몬 방울토마토 손질된 흰살생선 ½마리 하 바지락 월계수잎 타임 금 후춧가루 화이트와인 올리브유
시금치 후무스,파 시금치 불린 병아리콩 ½컵 우유 올리브유 천일염 라임즙 백후춧가루 넛맥가루
매생이조랭이떡국,조랭이떡 매생이 굴 파 다진 마늘 국멸치 국간장 금 물
문어핫바,문어 톳 감자 당근 양파 우리밀가루 다진 마늘 후춧가루 토마토케첩 허니머스터드 스 현미유
매실장아찌와 과매기구이,과메기 매실장아찌 양파 다진 강 마늘 고추장 양파 다진 마늘 다진 파 간장 매실액 고춧가루 물 통깨 후춧가루
자색고구마호떡,찹쌀 자색고구마 금 현미유 물 황설탕 검정깨 땅콩 호두 찹쌀가루 계피가루
김치밥그라탕,밥 배추김치 줄기부분 양파 표고버섯 방울토마토 올리브유 간장 피자치즈 모짜렐라 다진 실파
누룽지굴죽,굴 누룽지 다시마국물 건다시마 물 부추 간장 참기름 파래김
콩비지완자탕,완자 콩비지 다진 돼지고기 기름기 없는 부위 깍두기 새우젓 계란 감자전분 후추 다진 파 다진 마늘 국물 멸치다시마국물 물 건멸치 건다시마 청경채 어슷 썬 파 다진 마늘 국간장
,
,
,
,
잔멸치땅콩볶음,땅콩 잔멸치 맛술 올리브유 건홍고추 참기름 콩기름 다진 마늘 굴 스 두 장 물엿 통깨
밥 샌드위치,맛살 마요네즈 오이 밥 치즈슬라이스 검은깨 금
버섯을 넣은 가지 라자냐,돼지고기다진것 느타리벗서 표고버섯 새송이버섯 가지 밀가루 버터 우유 파마산치즈 모짜렐라 치즈 토마토 스 바질 오레가노 빵가루
생선찜 채소말이,흰살 선 죽순 청피망 홍피망 건표고버섯 전분 치즈슬라이스 참기름 금 흰후춧가루 스 잣 물 설탕 레몬즙 간장 금
쇠고기말이 쌈밥,쇠고기살코기 당근 오이피클 양파 깻잎 밥 전분 식용유 밥 깨 금 참기름 금 쇠고기 간장 청주 참기름 후춧가루
스테이크 샐러드,쇠고기등심 로메인 워터크레스 래디쉬 방울토마토 레드어니언 발사믹식초 올리브오일 금 통후추
씨앗죽,쌀 참깨 통아몬드 땅콩 호박씨 물 금
오븐에 구운 또띠아 칩과 아보카도 딥,또띠아 양파다진것 할라피뇨다진것 마늘다진것 아보카도 라임주스 토마토 금
,
치킨 쇠고기 땅콩소스 꼬치,닭가슴살 쇠고기 등심 간장 카레가루 땅콩버터 참기름 올리브오일 설탕 강다진것
커리향이 들어간 치킨샐러드 샌드위치,닭가슴살 올리브오일 마요네즈 식빵 아몬드 건포도 카레가루 레몬주스 바질 금 후추
클럽 샌드위치,식빵 마요네즈 삶은달걀 양상추 닭가슴살 토마토 치즈슬라이스 슬라이스햄 베이컨 금 후추
토마토 야채 오븐구이,감자 고구마 오릴브오일 홍피망 당근 후추 금 레드어니언 토마토 돼지호박 파마산치즈 빵가루 바질
,
해초탕수,불린 미역 혹은 물미역 파래 생것 김 양파 유자청 물 다진 파 다진 마늘 감자전분 계란 콩기름
호두떡볶이,호두 올리브유 떡볶이 떡 올리고당 간장 검정깨 볶은 것
,
,
,
가자미쑥국,가자미 모시조 쑥 물 된장 파 들깨가루
,
,
,
,
취나물들깨무침,참취 간장 금 다진 파 다진 마늘 들기름 거피들깨가루
,
,
절편꽃말이떡,절편 거피녹두 물 다진 호두 진달래꽃 설탕 금
가지볶음,가지 강 고추장 물엿 통깨 들기름
,
,
다시마칩,다시마 꿀 참께 오트밀
브로콜리 쇠고기 볶음,브로콜리 쇠고기안심 물전분 당근 마늘다진것 간장 강 설탕 식물성기름 금
새우살을 채운 두부 스프(미네스트로네),새우 두부 당근 돼지호박 참기름 강 양파 마늘다진것 닭 굴 스 간장 금 새우 마리네이션 달걀흰자 전분 금
시저 샐러드,상추 로메인 마늘다진것 앤쵸비 금 후추 달걀노른자 레몬주스 올리브오일 파마산 치즈 도미살 밀가루 달걀물 빵가루 크루퉁 파슬리다진것 오레가노다진것 식빵 금 후추
,
차가운 당근 수프,당근 버터 양파다진것 강다진것 마늘다진것 야채 오렌지주스 크림 당근주스 금
태국식 불고기 샐러드,쇠고기 애호박 토마토 가지 양파 새송이버섯 그린 샐러드 불고기 드래싱 풋고추 홍고추 마늘 고춧가루 레몬주스 타바스코 카레오일 올리브오일 로즈마리 민트 카레가루
팽이버섯 야채볶음,팽이버섯 청경채 참기름 식용유 물전분 금
딸기연두부쉐이크,딸기 연두부 바나나 올리고당
,
,식초
깻잎장아찌롤,쌀 깻잎장아찌 김 새싹 밥 참기름 참깨 허브타르타르 양파 피클 삶은달걀 마요네즈 머스터드 스 설탕 물 머스터드조스
롤 삼계탕,"
 닭 파 마늘"
,
갯벌의 여왕 모시조개의 달콤한 유혹,바지락 모시조 양파 마늘 마른 홍고추 올리브유 호이트와인 쳥양고추 저염치즈 후추 바질
고구마 타락죽,고구마 양송이버섯 양파 느타리버섯 현미 불린것 저지방우유 식용유 물
두부 채소 볶음밥,밥 두부 표고버섯 마른것 당근 감자 청피망 홍피망 오이 애호박 금 스 간장 청고추 홍고추 통깨 참기름 다시마물
건강 마늘 꿀환,마늘 잣 꿀 검은깨 카스텔라가루
과일 샐러드 또띠아,자몽 오렌지 키위 사과 플레인 요구르트 꿀 또띠아
수박 화채,찹쌀가루 물 수박 팥 설탕
우유 생강차,우유 강 꿀 깨 금 계피가루
레몬 들깨 소스를 품은 떡꼬치,"떡꼬치 쌀떡 ghen 잣 식용유 꼬치용 꼬치 
 레몬 들깨 스 들깨가루 두유 꿀 물 참기름 레몬즙 검은깨"
누룽지 요거트 파르페,"누룽지 밥 
 요거트파르페 오렌지 사과 요거트 블루베리"
자색고구마 호떡,죽 찹쌀 자색고구마 금 현미휴 물 황설탕 호떡 검정깨 땅콩 호두 각 찹쌀가루 계피가루
청국장지짐 케일쌈밥,"돼지고기 청국장 밥 
케일 멸치 무 양파 
사과"
마늘 불고기 덮밥,"고기 불고기용 쌀 
새송이버섯 당근 양파 
 파 마늘 배 진간장 
후춧가루"
잡곡강정밥,"잡곡 찹쌀 호두 
은행 밤 추고 꿀 
간장 금"
함박스테이크 볼 밥,"고기 돼지고기 가래떡 
양파 새송이버섯 
파프리카 사과 배 
고추장 파 마늘 간장 
청주 후춧가루 참기름"
곤드레 밥버거,"쌀 찹쌀 흑미 곤드레나물 
파프리카 양상추 감자 
양파 깻잎 바나나 김 
호두 사과 밀가루 빵가루 
마요네즈 된장 식초 간장 
참기름 들기름 금"
대추닭살리조또,"닭고기 가슴살 쌀 양파 
표고버섯 추 당근 
피망 치즈 우유 마늘 
 금 후춧가루"
먹골배 카레주먹밥,"쌀 카레가루 묵은지 
양파 애호박 가지 
참치 마요네즈"
신호등 통통이(어린이 곤약삼색주먹밥),"고기 곤약미 쌀 
시금치 당근 멸치 
 파 달걀 간장 
참기름 금 후춧가루 
올리고당"
양배추롤&참치두부쌈장,"밥 양배추 참치 캔 
두부 양파 파 마늘 
된장 고추장 매실청 
참기름 깨 물"
라비올리 크림소스,양파 마늘 새우살 게살 식용유 크림 파마산치즈 버터 라비올리 죽 력분 강력분 달걀 물 시금치 비트
라비올리 토마토소스,력분 강력분 달걀 물 양파 당근 토마토 토마토 스 셀러리 바질 오레가노 로즈마리 물필요량 설탕 마늘다진것 리코타치즈 우유 레몬즙 차이브 파마산치즈
미역 조랭이 떡국,미역마른것 우엉 조랭이 떡 들깨 들기름 마늘 물 국간장
버섯 리조또,쌀 양송이버섯 마늘다진것 닭 파슬리다진것 타임다진것 올리브오일 파마산치즈 버터 금 후추
서리태 잣국수,잣 서리태 오이 밀가루 금 체리토마토 흑임자 물
,
,
팥죽,팥 찹쌀가루 찹쌀 물 설탕기호에따라
호박만두,애호박 표고버섯 청고추 금 시금치 참기름 통깨 식용유 후춧가루 밀가루 물 스 초간장 간장 식초 물
감자 팬케익,감자 양파다진것 체리 사과 청포도 식초 물 달걀흰자 밀가루 베이킹 파우더 마늘가루 후춧가루 식용유 스 과일조림 설탕 포도주스 레몬주수 계피가루
단호박 두부 포타주,단호박 두부작은것 두유 다시마국물 금 후춧가루
쇠고기와 검은콩 요리,쇠고기갈은것 서리태 셀러리 양파 청피망 토마토 베이컨 현미 닭 물 마늘다진것 월계수잎마른것 타임마른것 후춧가루 카엔페퍼
,
양송이버섯 달걀 크레페,양송이버섯 달걀 에벤탈치즈 메밀가루 달걀 밀가루 우유 설탕 양파 파슬리다진것 감자 로즈마리다진것 마늘다진것 식용유
파인애플떡갈비,"고기 갈빗살 파인애플 
양파 표고버섯 전분 
파 마늘 진간장 설탕 
참기름 후춧가루"
건강가지말이+참깨마요소스,"가지 단호박 
삼색파프리카 당근 사과 
배 무순 청양고추 
마요네즈 참깨 꿀"
순창 고추장 두부강정,"고기 불고기용 두부 
새송이버섯 당근 양파 
마늘 강가루 고추장 
튀김가루 전분 맥주 
 금 간장 꿀 케첩 
올리고당"
곤약 백김치 말이,"오징어 곤약 백김치 
삼색파프리카 부추 청주 
통후추 월계수잎"
묵은지비프롤,"고기 불고기용 묵은지 
팽이버섯 아스파라거스 
삼색파프리카 참나물 
달걀 전분 올리브오일 
매실액 레몬즙 금 
후춧가루"
바나나를 감싼 일본식 달걀말이,"달걀 바나나 전분 
 금"
그린커리,"닭고기 가슴살 그린커리
페이스트 코코넛밀크 
당근 가지 양송이버섯 
레몬그라스 마늘"
현미 고구마 아란치니,"고구마 현미밥 
새송이버섯 당근 양파 
달걀 파슬리 빵가루 
밀가루 금 후춧가루 
식용유"
유자 치킨 꿔바로우,"닭고기 가슴살 강 
녹말 찹쌀가루 유자청 
전분 꿀 금 
후춧가루 식초 식용유 
물"
펌킨크로켓,"단호박 양파 
당근 참나물 달걀 
모짜렐라치즈 빵가루 
식용유 금 후춧가루"
이태리튀밥,"쌀 방울토마토 
바질 옥수수 달걀 
빵가루 파마산치즈가루 
생모짜렐라치즈 버터 
올리브오일 금"
현미 입은 미트볼,"고기 돼지고기 추 
배 현미튀밥 밀가루 
양파 마늘 쪽파 
생강 간장 금 
후춧가루 참기름 참깨"
시금치 볶음 쌀국수,"새우 쌀국수 시금치 
달걀 메추리알 마늘 
굴 스 식초 땅콩 
전분 청주 고추기름 
 금 후춧가루 
올리브오일"
새우채소꼬치구이,"새우 단호박 양배추 
방울토마토 파 후추"
영유아를 위한 고소한 닭꼬치,"닭고기 가슴살 우유 
아몬드슬라이스 참깨 
흑임자 금 후춧가루"
얌얌 맛있게타,"바게트 새송이버섯 
표고버섯 방울토마토 
바질 모짜렐라치즈 
마늘 올리브오일 금"
오! 푸룻한 뿌리채소,"우엉 연근 오렌지 
요거트 크랜베리 땅콩 
호두 레디쉬 식초 
머스터드 얼음"
채소 팬케익,당근갈은것 돼지호박갈은것 셀러리다진것 양파다진것 력분 후춧가루 저나트륨 베이킹 파우더 머스터드 파우더 식용유 달걀 저지방우유 메이플시럽
누룽지과자,밥 달걀흰자 밀가루 식용유 땅콩 건포도 호두 딸기잼
단호박 경단,단호박 찹쌀가루 카스텔라 금 건포도 호박씨 잣 물
모듬탕수,표고버섯마른것 연근 주황파프리카 노랑파프리카 브로컬리 식용유 스 탕수 스 감자녹말가루 레드와인 간장 식초 설탕
,
가지볶음,가지 강 고추장 물엿 통깨 들기름
감자냉채,감자 래디쉬 오이 스 단촛물 물 식초 설탕 파인애플주스 금 겨자초장 겨자가루 물미지근한것 설탕 식초 금 파인애플주스
,
나박김치,배추잎 무 당근 실파 수삼 마늘 강 고춧가루 미나리 홍고추 물 금
,
단호박 두부찜,단호박 두부 마늘 풋고추 스 저나트륨조림 스 간장 청주 다시물 맛술 설탕 금 식용유
단호박전,단호박 밀가루 금 식용유 물
도라지 검은깨 튀김,도라지 검은깨 찹쌀가루 튀김가루 식용유 스 저나트륨 간장 스 간장 식초 설탕 물 고추냉이
발사믹으로 양념한 채소요리,브로컬리 컬리플라워 돼지호박 당근 양파 가지 스 저나트륨 발사믹 스 올리브오일 포도식초 오레가노마른것 타임마른것 로즈마리마다진것 저나트륨 금
버섯 굴소스 볶음,표고버섯 양송이버섯 느타리버섯 팽이버섯 새송이버섯 식용유 스 굴 스 굴 스 간장 마늘다진것 물 참기름 부추 또는 실파
,
상추 겉절이,상추 간장 물 매실농축액 고춧가루 통깨 식초 영양부추 양파 홍고추
연근고구마샌드위치,"연근 고구마 견과류 
튀김가루 백년초가루 
달걀 식용유 금 
식초"
파프리카깍두기(어린이용),"무 파프리카 사과 
현미 실파 멸치 마늘 
멸치액젓 올리고당 천일염"
과일 김치,"사과 배 복숭아 
토마토 치커리 고춧가루 
마늘 깨 참기름 금"
오이 짱아지 무침,"오이 고춧가루 매실액 
양파 파 마늘 참기름"
비트 배추피클,"비트 배추 무 사과 
당근 식초 설탕 
월계수잎 통후추 물"
오징어와사비마요무침,"진미채 유자청 마요네즈 
와사비 레몬즙 깨"
삼색 버터롤,"홍시 호두 곶감 
 추 블루베리 크랜베리 
강력분 꿀 버터 
달걀 이스트 금 
탈지분유 제빵 량제 물"
고구마빵&과일잼,"고구마 제철과일 달걀 
우유 크랜베리 아몬드 
호두 올리고당 레몬즙 
올리브오일"
감말랭이 찰빵,"감말랭이 쌀가루 보릿가루 
밀가루 고구마 냉동딸기 
흑임자 금 식용유"
바나나 속 달걀빵,"달걀 바나나 밀가루 
우유 베이킹파우더 
버터 금 물"
두부빼빼로,"두부 포도 호두 
검은깨 식빵 밀가루 
계피가루 금 꿀 
식용유 물"
땅콩호박 타르트,"땅콩호박 아몬드가루 
버터 박력분 요거트 
달걀 사과 전분 
 금 호두"
고구마 바나나 무스,"고구마 바나나 달걀 
크림치즈 우유 크림 
딸기잼 젤라틴 바닐라빈 
올리고당"
단호박치즈스틱,"단호박 새우살 
삼색파프리카 양파 
옥수수 모짜렐라치즈 
춘권피 크림 식용유"
크랜베리 샤브레 쿠키,"크랜베리 슈가파우더 
박력분 아몬드가루 
백년초가루 우유 버터"
생과일 타르트,"박력분 버터 달걀 
아몬드가루 꿀 크림 
블랙초콜릿 키위 
블루베리 체리"
당 떨어진 마들렌,"추고 추 당근퓨레 
녹차가루 팥앙금 박력분 
꿀 버터 달걀 
베이킹파우더 금"
삼색 머핀,"당근 시금치 사과 
호두 크랜베리 박력분 
꿀 버터 달걀 금 
베이킹 다 베이킹파우더 
물"
수삼 냉채,수삼 배 오이 샐러리 스 저나트륨내채 스 추 유자청 금 식초 꿀
아시아식 채소 두부 볶음,해선장 간장 녹말 참기름 식용유 마늘다진것 두부 그린빈 청경채 영콘 밤 땅콩다진것 물
양배추 깻잎 피클,양배추 깻잎 설탕 청고추 홍고추 스 피클 스 물 식초 금 통후추
,
